epoch,train_loss,val_loss,val_pr_auc,val_roc_auc,seed,variant
1,1.3869621753692627,1.431677222251892,0.010973808128325189,0.7300219935916955,0,GraphSAGE 100ep (full graph)
2,1.3683983087539673,1.4124257564544678,0.015665827409951077,0.7756095561462791,0,GraphSAGE 100ep (full graph)
3,1.352487564086914,1.3880678415298462,0.015215163785909435,0.7883915805796728,0,GraphSAGE 100ep (full graph)
4,1.3270131349563599,1.356757402420044,0.016021565164855554,0.7927417084254911,0,GraphSAGE 100ep (full graph)
5,1.2982192039489746,1.3176898956298828,0.017285370235426947,0.7957612263638202,0,GraphSAGE 100ep (full graph)
6,1.2552217245101929,1.2710425853729248,0.018926591136495963,0.7986021808120851,0,GraphSAGE 100ep (full graph)
7,1.2161263227462769,1.21914803981781,0.019841193854651988,0.8024373641533614,0,GraphSAGE 100ep (full graph)
8,1.1676476001739502,1.1672621965408325,0.02054036897987998,0.8066616777558793,0,GraphSAGE 100ep (full graph)
9,1.1169172525405884,1.1214567422866821,0.020951792086845857,0.8115156361960694,0,GraphSAGE 100ep (full graph)
10,1.0833865404129028,1.0839958190917969,0.021139611969252813,0.817443580772792,0,GraphSAGE 100ep (full graph)
11,1.0421561002731323,1.0569487810134888,0.021558137272213902,0.8240625715532657,0,GraphSAGE 100ep (full graph)
12,1.017966628074646,1.036115050315857,0.02226747893560373,0.8302795016952895,0,GraphSAGE 100ep (full graph)
13,0.9926154613494873,1.0229548215866089,0.023344254030521757,0.8354553333145314,0,GraphSAGE 100ep (full graph)
14,0.9882602095603943,1.0112911462783813,0.02449857663419286,0.8394719482517221,0,GraphSAGE 100ep (full graph)
15,0.9815934896469116,1.001356840133667,0.025135291815895133,0.8424152462770791,0,GraphSAGE 100ep (full graph)
16,0.9491990208625793,0.9930267930030823,0.027503955897355915,0.8452532848177294,0,GraphSAGE 100ep (full graph)
17,0.9443699717521667,0.980060875415802,0.02860762588730529,0.8481243782783048,0,GraphSAGE 100ep (full graph)
18,0.9197415113449097,0.9673187136650085,0.02715103159379224,0.8513726515590785,0,GraphSAGE 100ep (full graph)
19,0.8992102742195129,0.957545280456543,0.028381643908215924,0.8547234357231188,0,GraphSAGE 100ep (full graph)
20,0.896216630935669,0.951040506362915,0.030590523073250955,0.8580485025380347,0,GraphSAGE 100ep (full graph)
21,0.8914579153060913,0.9432214498519897,0.03309755307768428,0.8613746687935265,0,GraphSAGE 100ep (full graph)
22,0.8596835136413574,0.9358428120613098,0.03639832883992416,0.86445049721005,0,GraphSAGE 100ep (full graph)
23,0.864693284034729,0.9295741319656372,0.040460733825799136,0.8670803829686138,0,GraphSAGE 100ep (full graph)
24,0.8508874177932739,0.923922598361969,0.04443263595571488,0.8690971393990267,0,GraphSAGE 100ep (full graph)
25,0.8418546319007874,0.9175786375999451,0.05047020040271138,0.8707254586937786,0,GraphSAGE 100ep (full graph)
26,0.8228911757469177,0.9123678207397461,0.053649201565626664,0.8720142659584994,0,GraphSAGE 100ep (full graph)
27,0.807073712348938,0.9054109454154968,0.05668164834940929,0.873251805831146,0,GraphSAGE 100ep (full graph)
28,0.8081210255622864,0.8972987532615662,0.059953616726313066,0.8745134855946994,0,GraphSAGE 100ep (full graph)
29,0.8111292719841003,0.8919312357902527,0.06284139890337624,0.8763061951564386,0,GraphSAGE 100ep (full graph)
30,0.7835451364517212,0.8915733695030212,0.0645692136194895,0.8782192456594803,0,GraphSAGE 100ep (full graph)
31,0.7832809090614319,0.893358051776886,0.06761400615208149,0.8806289803931504,0,GraphSAGE 100ep (full graph)
32,0.7668497562408447,0.883610188961029,0.0717845248642732,0.8834494278845855,0,GraphSAGE 100ep (full graph)
33,0.7595182061195374,0.8770235180854797,0.07796260496040179,0.8862840724999798,0,GraphSAGE 100ep (full graph)
34,0.7618799805641174,0.8713899850845337,0.08202166471671261,0.8885211472614609,0,GraphSAGE 100ep (full graph)
35,0.7666385769844055,0.8640265464782715,0.08897096187411407,0.8906212221668253,0,GraphSAGE 100ep (full graph)
36,0.7570953369140625,0.860460638999939,0.09573221242439918,0.8927349444758608,0,GraphSAGE 100ep (full graph)
37,0.7272074818611145,0.8639644980430603,0.09879915214938412,0.8949136532832881,0,GraphSAGE 100ep (full graph)
38,0.7598979473114014,0.8568815588951111,0.10514061226869062,0.8966246218282932,0,GraphSAGE 100ep (full graph)
39,0.719328761100769,0.8505513072013855,0.11220300531972131,0.8982548292927297,0,GraphSAGE 100ep (full graph)
40,0.7267270684242249,0.8460341691970825,0.11623840268018705,0.8997512874210135,0,GraphSAGE 100ep (full graph)
41,0.7024242877960205,0.8470725417137146,0.11894756693004914,0.9012209048587148,0,GraphSAGE 100ep (full graph)
42,0.7202814221382141,0.8483455777168274,0.1236029182780993,0.9024307197081416,0,GraphSAGE 100ep (full graph)
43,0.7027615308761597,0.8409644961357117,0.13018878693971037,0.9038473727911402,0,GraphSAGE 100ep (full graph)
44,0.7167900800704956,0.836791455745697,0.13683466701678595,0.905323825881118,0,GraphSAGE 100ep (full graph)
45,0.7074611186981201,0.8384613990783691,0.14015531012527704,0.907060918090243,0,GraphSAGE 100ep (full graph)
46,0.7115413546562195,0.8386678695678711,0.14551770453857632,0.9087226986199153,0,GraphSAGE 100ep (full graph)
47,0.6808915138244629,0.8316392302513123,0.15043137965048273,0.9102780485216588,0,GraphSAGE 100ep (full graph)
48,0.6720357537269592,0.8222905993461609,0.15781810657510711,0.9117542626028156,0,GraphSAGE 100ep (full graph)
49,0.7030449509620667,0.816753089427948,0.15979179403498872,0.913319340163568,0,GraphSAGE 100ep (full graph)
50,0.670497715473175,0.8147226572036743,0.16284691183359187,0.9148284418584752,0,GraphSAGE 100ep (full graph)
51,0.6764175295829773,0.8127298951148987,0.1653504949256383,0.9159992026665735,0,GraphSAGE 100ep (full graph)
52,0.6847704648971558,0.8033336400985718,0.166933724571408,0.9168691708736202,0,GraphSAGE 100ep (full graph)
53,0.670505166053772,0.8014407157897949,0.16884445465091336,0.9175210196307504,0,GraphSAGE 100ep (full graph)
54,0.6627410054206848,0.8071362376213074,0.17125806592680784,0.9179587881870368,0,GraphSAGE 100ep (full graph)
55,0.6649909615516663,0.7990010976791382,0.17478020260336746,0.9192091867342456,0,GraphSAGE 100ep (full graph)
56,0.6754277944564819,0.7901570796966553,0.17864962766321474,0.9206279908966319,0,GraphSAGE 100ep (full graph)
57,0.6563027501106262,0.7881977558135986,0.17940182127476398,0.9218326909572925,0,GraphSAGE 100ep (full graph)
58,0.6515581607818604,0.7902852892875671,0.18065298163312235,0.9225224943151752,0,GraphSAGE 100ep (full graph)
59,0.6579501032829285,0.783317506313324,0.1811979831898158,0.9231358865530291,0,GraphSAGE 100ep (full graph)
60,0.6265284419059753,0.7797542810440063,0.18435691972401694,0.9236421311364917,0,GraphSAGE 100ep (full graph)
61,0.6269789338111877,0.7874029278755188,0.18547031550368986,0.9239715808951645,0,GraphSAGE 100ep (full graph)
62,0.6237595677375793,0.7871723175048828,0.18791833937995445,0.9243886990893285,0,GraphSAGE 100ep (full graph)
63,0.6403890252113342,0.7723397016525269,0.1895825966507921,0.9252717888806403,0,GraphSAGE 100ep (full graph)
64,0.6187098026275635,0.7703799605369568,0.18964179383682836,0.9261441710767777,0,GraphSAGE 100ep (full graph)
65,0.6366575956344604,0.7751885652542114,0.19018444236276097,0.9272474357938654,0,GraphSAGE 100ep (full graph)
66,0.6072582006454468,0.769976019859314,0.19097913777588457,0.9283642523110958,0,GraphSAGE 100ep (full graph)
67,0.6145094037055969,0.7587483525276184,0.1902562445374094,0.9293499724900847,0,GraphSAGE 100ep (full graph)
68,0.6211152076721191,0.7529910802841187,0.1888944322822489,0.9300623143797746,0,GraphSAGE 100ep (full graph)
69,0.601672351360321,0.7550649642944336,0.18989781966198827,0.9304646618288095,0,GraphSAGE 100ep (full graph)
70,0.6097723841667175,0.7457336783409119,0.1922515770280169,0.9310609888368541,0,GraphSAGE 100ep (full graph)
71,0.5923342704772949,0.7389076352119446,0.19270565752185728,0.9315696235085252,0,GraphSAGE 100ep (full graph)
72,0.611925482749939,0.7385274171829224,0.192567791425753,0.9319843994162448,0,GraphSAGE 100ep (full graph)
73,0.5947182178497314,0.7420039176940918,0.18955727590124022,0.9324810836468731,0,GraphSAGE 100ep (full graph)
74,0.579046905040741,0.7349004149436951,0.18811801433936212,0.9332855634370041,0,GraphSAGE 100ep (full graph)
75,0.5853862762451172,0.7256650924682617,0.18816034538986515,0.9341338535439989,0,GraphSAGE 100ep (full graph)
76,0.5789938569068909,0.724166750907898,0.18951294292575738,0.9345945669470878,0,GraphSAGE 100ep (full graph)
77,0.5926869511604309,0.7188801169395447,0.19048844348267108,0.9350900800344937,0,GraphSAGE 100ep (full graph)
78,0.5772932171821594,0.723118782043457,0.19026007278219995,0.9354091568103413,0,GraphSAGE 100ep (full graph)
79,0.5767499208450317,0.7212554216384888,0.19089506342404244,0.9357851176855534,0,GraphSAGE 100ep (full graph)
80,0.5825430154800415,0.711837887763977,0.19409281601611597,0.9358485984283736,0,GraphSAGE 100ep (full graph)
81,0.5674949884414673,0.7257758975028992,0.1933205332158515,0.935615110711276,0,GraphSAGE 100ep (full graph)
82,0.5825026035308838,0.7152480483055115,0.1965509098210336,0.9361562983843481,0,GraphSAGE 100ep (full graph)
83,0.5797665119171143,0.7015399932861328,0.1994962910248862,0.937061353086297,0,GraphSAGE 100ep (full graph)
84,0.5393954515457153,0.7049282789230347,0.19708277813558212,0.93782242887456,0,GraphSAGE 100ep (full graph)
85,0.5505548715591431,0.7269361615180969,0.19013747769140743,0.9382470758465811,0,GraphSAGE 100ep (full graph)
86,0.5578157901763916,0.6938302516937256,0.19197074726947302,0.9389821952768987,0,GraphSAGE 100ep (full graph)
87,0.5602420568466187,0.690813422203064,0.19074733387140586,0.9390777988052426,0,GraphSAGE 100ep (full graph)
88,0.5765660405158997,0.6940538883209229,0.1856112059443964,0.9391467767509428,0,GraphSAGE 100ep (full graph)
89,0.5602691769599915,0.7157454490661621,0.18133965846938788,0.9390966327003265,0,GraphSAGE 100ep (full graph)
90,0.5434517860412598,0.6973992586135864,0.1869812710432316,0.939464419473865,0,GraphSAGE 100ep (full graph)
91,0.5518313050270081,0.6845776438713074,0.19768005344561326,0.939617337317451,0,GraphSAGE 100ep (full graph)
92,0.5482431054115295,0.6835213303565979,0.2033054075834809,0.9394375548824005,0,GraphSAGE 100ep (full graph)
93,0.5531750321388245,0.705761730670929,0.20165295654352433,0.9390392466824381,0,GraphSAGE 100ep (full graph)
94,0.5388266444206238,0.7069143652915955,0.20707896560194086,0.9389354929533029,0,GraphSAGE 100ep (full graph)
95,0.5506255030632019,0.684059739112854,0.21173985680078056,0.9392254584547697,0,GraphSAGE 100ep (full graph)
96,0.5426239371299744,0.6816127300262451,0.2152220182794746,0.9395748415491021,0,GraphSAGE 100ep (full graph)
97,0.5439550280570984,0.6862292289733887,0.21888540247313693,0.9401657430569133,0,GraphSAGE 100ep (full graph)
98,0.5223145484924316,0.6988281011581421,0.22205312603877952,0.9407368546343572,0,GraphSAGE 100ep (full graph)
99,0.5259942412376404,0.6891081929206848,0.22349077789980926,0.9413262025848326,0,GraphSAGE 100ep (full graph)
100,0.5320615768432617,0.6734800934791565,0.22616929324062657,0.9419228403043443,0,GraphSAGE 100ep (full graph)
1,1.3883426189422607,1.419985055923462,0.0115548181977763,0.7205405375690795,0,GraphSAGE 100ep (no graph)
2,1.3577111959457397,1.382604718208313,0.017343111975216687,0.7743153472822069,0,GraphSAGE 100ep (no graph)
3,1.323757529258728,1.3318374156951904,0.020012096106699077,0.7987386070470317,0,GraphSAGE 100ep (no graph)
4,1.2778820991516113,1.2671818733215332,0.022050914562988938,0.8111327440650524,0,GraphSAGE 100ep (no graph)
5,1.2177101373672485,1.1967309713363647,0.021825073148670545,0.8169582016593904,0,GraphSAGE 100ep (no graph)
6,1.1537200212478638,1.1314150094985962,0.020812642068898612,0.8200811626153874,0,GraphSAGE 100ep (no graph)
7,1.100580096244812,1.079962134361267,0.02062871732238736,0.8226334661107003,0,GraphSAGE 100ep (no graph)
8,1.0523300170898438,1.0484784841537476,0.01999538766855277,0.8247905924216038,0,GraphSAGE 100ep (no graph)
9,1.0221527814865112,1.0333871841430664,0.01993779590454683,0.8281170215867987,0,GraphSAGE 100ep (no graph)
10,0.9967313408851624,1.0215553045272827,0.02010741764034285,0.8324447543061024,0,GraphSAGE 100ep (no graph)
11,0.9871684908866882,1.0100722312927246,0.021167570756397545,0.8365641191353808,0,GraphSAGE 100ep (no graph)
12,0.9700817465782166,0.9970672726631165,0.021084400599024705,0.8408051633553588,0,GraphSAGE 100ep (no graph)
13,0.9480973482131958,0.986548900604248,0.021404027153793633,0.8444682603456164,0,GraphSAGE 100ep (no graph)
14,0.9399280548095703,0.9750428199768066,0.02106926448492434,0.8477658172452512,0,GraphSAGE 100ep (no graph)
15,0.9264832735061646,0.9644823670387268,0.022709860186298548,0.8512267366739438,0,GraphSAGE 100ep (no graph)
16,0.9081884622573853,0.9561046361923218,0.024991322941381112,0.8546462119730992,0,GraphSAGE 100ep (no graph)
17,0.8961413502693176,0.9496307969093323,0.026813447658901556,0.8573911326771426,0,GraphSAGE 100ep (no graph)
18,0.8845540881156921,0.9442242980003357,0.027336538102622432,0.8591896023514644,0,GraphSAGE 100ep (no graph)
19,0.8727123141288757,0.9379193782806396,0.02767956185920524,0.8603427721103475,0,GraphSAGE 100ep (no graph)
20,0.8746903538703918,0.9313575625419617,0.028201168454505595,0.8613140083547923,0,GraphSAGE 100ep (no graph)
21,0.8661726713180542,0.9254197478294373,0.02871311599048766,0.8622560855230924,0,GraphSAGE 100ep (no graph)
22,0.8606780171394348,0.9204587936401367,0.029108496178960424,0.8631337498141707,0,GraphSAGE 100ep (no graph)
23,0.848105251789093,0.9168409705162048,0.029299203765923564,0.8638993428691479,0,GraphSAGE 100ep (no graph)
24,0.8367423415184021,0.9149961471557617,0.029661421450313703,0.8646295387177558,0,GraphSAGE 100ep (no graph)
25,0.8264818787574768,0.9127949476242065,0.030139401571694348,0.865660335960359,0,GraphSAGE 100ep (no graph)
26,0.8154491186141968,0.9090111255645752,0.031006233641917316,0.8670413528281675,0,GraphSAGE 100ep (no graph)
27,0.8161063194274902,0.9062883853912354,0.03172406921154472,0.8684156535481098,0,GraphSAGE 100ep (no graph)
28,0.8167569041252136,0.9045138955116272,0.03219127903530721,0.8696211423378792,0,GraphSAGE 100ep (no graph)
29,0.7984392642974854,0.9033185243606567,0.03271221505050468,0.8712967614782792,0,GraphSAGE 100ep (no graph)
30,0.7967241406440735,0.90156489610672,0.03325847747104639,0.8731538122145936,0,GraphSAGE 100ep (no graph)
31,0.7953323721885681,0.8992916345596313,0.0339568825066878,0.874546158100511,0,GraphSAGE 100ep (no graph)
32,0.7885399460792542,0.8970234394073486,0.03449849503234492,0.8761146773882837,0,GraphSAGE 100ep (no graph)
33,0.7802116274833679,0.8946134448051453,0.035240537380739005,0.8779250258010022,0,GraphSAGE 100ep (no graph)
34,0.7717435956001282,0.8934975862503052,0.03536326970773738,0.8789411957037685,0,GraphSAGE 100ep (no graph)
35,0.7671387791633606,0.8919775485992432,0.03551066032678462,0.880155886333141,0,GraphSAGE 100ep (no graph)
36,0.7631187438964844,0.8894047141075134,0.036152327703734825,0.8816604468604519,0,GraphSAGE 100ep (no graph)
37,0.7591438889503479,0.887017548084259,0.03680084189490499,0.8828757111109942,0,GraphSAGE 100ep (no graph)
38,0.7623265981674194,0.8843095898628235,0.037532351768802846,0.8840225710370067,0,GraphSAGE 100ep (no graph)
39,0.751980185508728,0.8818760514259338,0.03772611901976167,0.8851104913877952,0,GraphSAGE 100ep (no graph)
40,0.7451761960983276,0.8809522986412048,0.03765718869883926,0.8852179497536536,0,GraphSAGE 100ep (no graph)
41,0.7438060641288757,0.8818708658218384,0.03751319416860716,0.8851722512671052,0,GraphSAGE 100ep (no graph)
42,0.7387144565582275,0.8807467222213745,0.037819744768508544,0.8855148465109253,0,GraphSAGE 100ep (no graph)
43,0.7366335391998291,0.8785027265548706,0.03863017800671928,0.886466268924121,0,GraphSAGE 100ep (no graph)
44,0.7308716177940369,0.8780304193496704,0.03895719160780267,0.8871918519024863,0,GraphSAGE 100ep (no graph)
45,0.7339462637901306,0.8783133625984192,0.03907449097595012,0.8874601871056652,0,GraphSAGE 100ep (no graph)
46,0.7291679978370667,0.8790602087974548,0.03899387752482148,0.887832682352975,0,GraphSAGE 100ep (no graph)
47,0.7290354371070862,0.8794013261795044,0.03912997427890547,0.8884058494062782,0,GraphSAGE 100ep (no graph)
48,0.7288898825645447,0.8788898587226868,0.03922345062418676,0.8891239992103148,0,GraphSAGE 100ep (no graph)
49,0.7247331142425537,0.8784893751144409,0.039719470920432806,0.8897335912079171,0,GraphSAGE 100ep (no graph)
50,0.7277383804321289,0.8790175318717957,0.040132394610216164,0.8901219566409317,0,GraphSAGE 100ep (no graph)
51,0.7257086634635925,0.8803947567939758,0.040541947144957076,0.8903880929629588,0,GraphSAGE 100ep (no graph)
52,0.7169623374938965,0.88214111328125,0.04087204183288563,0.8908840601671245,0,GraphSAGE 100ep (no graph)
53,0.717300295829773,0.8837095499038696,0.040977430073894094,0.8912401116075589,0,GraphSAGE 100ep (no graph)
54,0.7158567905426025,0.8831369876861572,0.04140398546771124,0.8914000324095961,0,GraphSAGE 100ep (no graph)
55,0.7157111763954163,0.8830966949462891,0.04163665606805267,0.8912900644511186,0,GraphSAGE 100ep (no graph)
56,0.7215866446495056,0.8822144269943237,0.04186631740998863,0.8916586638546482,0,GraphSAGE 100ep (no graph)
57,0.7109602689743042,0.8817707300186157,0.042231027617528734,0.8923338159718124,0,GraphSAGE 100ep (no graph)
58,0.7206404805183411,0.8821741938591003,0.042579538674010604,0.8924963419699967,0,GraphSAGE 100ep (no graph)
59,0.7124237418174744,0.8823002576828003,0.042741838471178004,0.8924411787341424,0,GraphSAGE 100ep (no graph)
60,0.712797224521637,0.8822960257530212,0.04265279348327773,0.8919240592493307,0,GraphSAGE 100ep (no graph)
61,0.7081180214881897,0.8818162679672241,0.042617822931561494,0.89184659649049,0,GraphSAGE 100ep (no graph)
62,0.7130784392356873,0.8808400630950928,0.04282829311219497,0.8921151707024899,0,GraphSAGE 100ep (no graph)
63,0.7145193815231323,0.8798325061798096,0.04305278558822151,0.8923874495512132,0,GraphSAGE 100ep (no graph)
64,0.7054653763771057,0.8787156939506531,0.04305531578304772,0.8924690949644187,0,GraphSAGE 100ep (no graph)
65,0.7102677226066589,0.8766053915023804,0.043352419524415146,0.8927447677383982,0,GraphSAGE 100ep (no graph)
66,0.7084920406341553,0.8744835257530212,0.043668911413423286,0.8929464672823215,0,GraphSAGE 100ep (no graph)
67,0.7057076096534729,0.8732725381851196,0.043847098551028606,0.8929413524935552,0,GraphSAGE 100ep (no graph)
68,0.706814706325531,0.8722919821739197,0.043818707937042664,0.8927438595048788,0,GraphSAGE 100ep (no graph)
69,0.7160231471061707,0.8707391023635864,0.04374288960024073,0.8924934260623824,0,GraphSAGE 100ep (no graph)
70,0.704511821269989,0.8692084550857544,0.04372524413767804,0.892386589119458,0,GraphSAGE 100ep (no graph)
71,0.7053526639938354,0.8680493831634521,0.04366818456025309,0.8923694760878844,0,GraphSAGE 100ep (no graph)
72,0.7111614346504211,0.8663498163223267,0.04369094953944542,0.892403271935154,0,GraphSAGE 100ep (no graph)
73,0.703645646572113,0.8649669289588928,0.043677241791655254,0.892571725352096,0,GraphSAGE 100ep (no graph)
74,0.7030377388000488,0.8629387617111206,0.04408520710307607,0.8929720412261535,0,GraphSAGE 100ep (no graph)
75,0.7106041312217712,0.8606348633766174,0.04451044284448073,0.8934288109836982,0,GraphSAGE 100ep (no graph)
76,0.7031912207603455,0.8592274785041809,0.044722107060407364,0.8938437541975924,0,GraphSAGE 100ep (no graph)
77,0.7088335156440735,0.8580914735794067,0.04470358090912531,0.8940442347965294,0,GraphSAGE 100ep (no graph)
78,0.6999465227127075,0.8576849102973938,0.04472267502060764,0.8944010749660727,0,GraphSAGE 100ep (no graph)
79,0.6974278092384338,0.8563960194587708,0.04471427453196831,0.8947997655801484,0,GraphSAGE 100ep (no graph)
80,0.7052504420280457,0.8546586632728577,0.044573759601537505,0.8950258918255638,0,GraphSAGE 100ep (no graph)
81,0.6985869407653809,0.8534418344497681,0.04453408514825301,0.8947748608610149,0,GraphSAGE 100ep (no graph)
82,0.7018915414810181,0.8525828719139099,0.044665338539241435,0.8947031582147571,0,GraphSAGE 100ep (no graph)
83,0.7033880949020386,0.8516701459884644,0.04477305221111853,0.8946885786766847,0,GraphSAGE 100ep (no graph)
84,0.6966352462768555,0.8507431149482727,0.04490961438534942,0.8950052175625594,0,GraphSAGE 100ep (no graph)
85,0.701766848564148,0.849670946598053,0.044704625124851426,0.894883609874506,0,GraphSAGE 100ep (no graph)
86,0.701306164264679,0.8488582372665405,0.04456816381482629,0.8949478793464352,0,GraphSAGE 100ep (no graph)
87,0.7083489298820496,0.8484770655632019,0.04459316967196701,0.8950745779223727,0,GraphSAGE 100ep (no graph)
88,0.6997935175895691,0.8487212657928467,0.044654307863498055,0.895252280980682,0,GraphSAGE 100ep (no graph)
89,0.7041090130805969,0.8487817049026489,0.04443261998061516,0.895073526283561,0,GraphSAGE 100ep (no graph)
90,0.7055650353431702,0.8477746844291687,0.04424004114754239,0.8948944130732088,0,GraphSAGE 100ep (no graph)
91,0.7023723125457764,0.8454847931861877,0.04451621516772078,0.8948557175451117,0,GraphSAGE 100ep (no graph)
92,0.7007143497467041,0.8431870341300964,0.04517236384575585,0.8950488844741303,0,GraphSAGE 100ep (no graph)
93,0.6976789236068726,0.8415055871009827,0.04552820936309203,0.8950790712882049,0,GraphSAGE 100ep (no graph)
94,0.6973847150802612,0.8397940993309021,0.04577926697883279,0.8950667384330486,0,GraphSAGE 100ep (no graph)
95,0.6995294094085693,0.8374504446983337,0.04606225644610951,0.8957102218814488,0,GraphSAGE 100ep (no graph)
96,0.7021763920783997,0.8361402153968811,0.045925134168071924,0.8957665323596433,0,GraphSAGE 100ep (no graph)
97,0.6997220516204834,0.8374578952789307,0.045011852589075745,0.8954457586211676,0,GraphSAGE 100ep (no graph)
98,0.6976228356361389,0.8399288058280945,0.04460223032575886,0.895450060779943,0,GraphSAGE 100ep (no graph)
99,0.7010019421577454,0.8421645164489746,0.04454498932819028,0.8952301009621061,0,GraphSAGE 100ep (no graph)
100,0.6940627098083496,0.8422531485557556,0.044720302739668844,0.8950117425033688,0,GraphSAGE 100ep (no graph)
1,1.405822515487671,1.4269506931304932,0.011765209260937142,0.6505193422668457,1,GraphSAGE 100ep (full graph)
2,1.3764092922210693,1.4118399620056152,0.012422819044105169,0.7220781530163152,1,GraphSAGE 100ep (full graph)
3,1.3551512956619263,1.3936799764633179,0.01759863908293578,0.761581674333273,1,GraphSAGE 100ep (full graph)
4,1.335835337638855,1.3692418336868286,0.022239387765631384,0.7811475100300052,1,GraphSAGE 100ep (full graph)
5,1.3101298809051514,1.3368430137634277,0.025020704087620072,0.7928866672753425,1,GraphSAGE 100ep (full graph)
6,1.284130334854126,1.2974228858947754,0.025064113769597666,0.7986364546769963,1,GraphSAGE 100ep (full graph)
7,1.2435115575790405,1.2549922466278076,0.024208783483091058,0.8010113658254672,1,GraphSAGE 100ep (full graph)
8,1.2112966775894165,1.2110440731048584,0.02389180376223525,0.8029634703698374,1,GraphSAGE 100ep (full graph)
9,1.1756528615951538,1.1690136194229126,0.024480509884955745,0.8058309786980999,1,GraphSAGE 100ep (full graph)
10,1.1245434284210205,1.132906198501587,0.02618049491019463,0.8097647053762167,1,GraphSAGE 100ep (full graph)
11,1.0894702672958374,1.1054538488388062,0.028546587528067293,0.8141858905444763,1,GraphSAGE 100ep (full graph)
12,1.0607739686965942,1.0782400369644165,0.0287322219909056,0.8191772551557788,1,GraphSAGE 100ep (full graph)
13,1.0421392917633057,1.0569391250610352,0.029052039327065123,0.8243392003625286,1,GraphSAGE 100ep (full graph)
14,1.0202962160110474,1.0435233116149902,0.029927399915364982,0.829007448948911,1,GraphSAGE 100ep (full graph)
15,1.0087549686431885,1.0296670198440552,0.03221828928792955,0.8335225167820044,1,GraphSAGE 100ep (full graph)
16,0.9934089779853821,1.012597918510437,0.03378362429297937,0.8378035232768299,1,GraphSAGE 100ep (full graph)
17,0.997974693775177,0.9955447912216187,0.035940492725617855,0.8419856757233483,1,GraphSAGE 100ep (full graph)
18,0.9533132910728455,0.9826425909996033,0.035620307663702354,0.8467663779599449,1,GraphSAGE 100ep (full graph)
19,0.9401623606681824,0.9671952724456787,0.0365317500121237,0.8524926229927442,1,GraphSAGE 100ep (full graph)
20,0.947727620601654,0.9493470788002014,0.038960673172817685,0.8579622442545864,1,GraphSAGE 100ep (full graph)
21,0.9085068702697754,0.9389959573745728,0.04389151389806328,0.8632622409562647,1,GraphSAGE 100ep (full graph)
22,0.890566885471344,0.9363959431648254,0.046623430225368474,0.8674626297758145,1,GraphSAGE 100ep (full graph)
23,0.8849582672119141,0.9327206015586853,0.05026448509583202,0.8706110929729973,1,GraphSAGE 100ep (full graph)
24,0.8877671957015991,0.9203222990036011,0.05383954966790807,0.8730520900604357,1,GraphSAGE 100ep (full graph)
25,0.8743005990982056,0.9142270684242249,0.055883263322074585,0.875513857014407,1,GraphSAGE 100ep (full graph)
26,0.8747252821922302,0.9103933572769165,0.059263285354039165,0.8783071770046744,1,GraphSAGE 100ep (full graph)
27,0.8426647782325745,0.9145865440368652,0.06074751099753437,0.880738159622519,1,GraphSAGE 100ep (full graph)
28,0.854823112487793,0.8962648510932922,0.06270945467244478,0.8816848018592975,1,GraphSAGE 100ep (full graph)
29,0.8331310153007507,0.8877884745597839,0.06395006576274125,0.8824936077090861,1,GraphSAGE 100ep (full graph)
30,0.8371989130973816,0.8838873505592346,0.06600463409001721,0.8836260793040828,1,GraphSAGE 100ep (full graph)
31,0.8230449557304382,0.8894916772842407,0.06860049004034695,0.8844371318367876,1,GraphSAGE 100ep (full graph)
32,0.815201997756958,0.8818443417549133,0.07125684811562137,0.8853301643950472,1,GraphSAGE 100ep (full graph)
33,0.8104228973388672,0.8716972470283508,0.07318335511112618,0.8863669607590536,1,GraphSAGE 100ep (full graph)
34,0.7954289317131042,0.8681562542915344,0.0758306631652306,0.8877736232733405,1,GraphSAGE 100ep (full graph)
35,0.8025970458984375,0.8658797740936279,0.07940403397434251,0.8897529987241708,1,GraphSAGE 100ep (full graph)
36,0.7790719270706177,0.8670822978019714,0.08247839951539919,0.8918754687560497,1,GraphSAGE 100ep (full graph)
37,0.770336925983429,0.8572107553482056,0.08631284329267461,0.893817821740529,1,GraphSAGE 100ep (full graph)
38,0.7648208737373352,0.8493446707725525,0.09114596936325198,0.8956258278668032,1,GraphSAGE 100ep (full graph)
39,0.7701109647750854,0.8445826172828674,0.09669984853271794,0.8971804846429663,1,GraphSAGE 100ep (full graph)
40,0.7569560408592224,0.8429831862449646,0.09876005444480708,0.8986365741814069,1,GraphSAGE 100ep (full graph)
41,0.7686827182769775,0.8431583046913147,0.09934954692142878,0.899981357311973,1,GraphSAGE 100ep (full graph)
42,0.7553375959396362,0.837986409664154,0.1009034566315517,0.9013286978369224,1,GraphSAGE 100ep (full graph)
43,0.7346130609512329,0.8318888545036316,0.10167230993396326,0.902755341488633,1,GraphSAGE 100ep (full graph)
44,0.7281395196914673,0.8275291919708252,0.1035292261522922,0.9040094685734472,1,GraphSAGE 100ep (full graph)
45,0.7204630970954895,0.8281367421150208,0.10670893518420392,0.9055324805817284,1,GraphSAGE 100ep (full graph)
46,0.7197089791297913,0.8273958563804626,0.10905174399462018,0.9069431584442056,1,GraphSAGE 100ep (full graph)
47,0.7087113261222839,0.8172125816345215,0.11330111137025851,0.9082022091107294,1,GraphSAGE 100ep (full graph)
48,0.7033287882804871,0.8132688403129578,0.11871631614076562,0.9094330089346276,1,GraphSAGE 100ep (full graph)
49,0.6961018443107605,0.8097699880599976,0.1241334158088584,0.9107926345129693,1,GraphSAGE 100ep (full graph)
50,0.705409586429596,0.8053345680236816,0.1290178549200573,0.9119766125088613,1,GraphSAGE 100ep (full graph)
51,0.6870346069335938,0.8044633865356445,0.13381161191839552,0.9134780898223829,1,GraphSAGE 100ep (full graph)
52,0.7001898884773254,0.7957315444946289,0.13873497792960476,0.9151080821788808,1,GraphSAGE 100ep (full graph)
53,0.6787869334220886,0.7943803071975708,0.14202705706475188,0.9166298991430577,1,GraphSAGE 100ep (full graph)
54,0.6769533753395081,0.7917529940605164,0.14563063803934304,0.9180159590969864,1,GraphSAGE 100ep (full graph)
55,0.6681180596351624,0.7841967940330505,0.15085364151094666,0.919111671135335,1,GraphSAGE 100ep (full graph)
56,0.6647385358810425,0.7829307913780212,0.1554187591332094,0.9199824758732547,1,GraphSAGE 100ep (full graph)
57,0.6528233885765076,0.7853764295578003,0.15614947001966512,0.9207865254475082,1,GraphSAGE 100ep (full graph)
58,0.6785121560096741,0.7819840908050537,0.1623731176070237,0.921693253211203,1,GraphSAGE 100ep (full graph)
59,0.6495320200920105,0.7785182595252991,0.16960601153789778,0.9223411822236711,1,GraphSAGE 100ep (full graph)
60,0.6273651123046875,0.7852045893669128,0.17394024730120106,0.922999866633078,1,GraphSAGE 100ep (full graph)
61,0.6389135122299194,0.7807072401046753,0.1728141212035597,0.9239496637862916,1,GraphSAGE 100ep (full graph)
62,0.6224036812782288,0.7702133059501648,0.17222146680616807,0.9248121988190097,1,GraphSAGE 100ep (full graph)
63,0.6317005753517151,0.7683103084564209,0.1730693466040906,0.9256547766151857,1,GraphSAGE 100ep (full graph)
64,0.621770441532135,0.775476336479187,0.17701235223623343,0.9267110043963283,1,GraphSAGE 100ep (full graph)
65,0.6169281005859375,0.7669340372085571,0.1811127806248262,0.9278956277160365,1,GraphSAGE 100ep (full graph)
66,0.6324523091316223,0.7603254318237305,0.18417489996316747,0.9282862159310852,1,GraphSAGE 100ep (full graph)
67,0.6398365497589111,0.7558557391166687,0.18791145256167774,0.9288860324679142,1,GraphSAGE 100ep (full graph)
68,0.6131603121757507,0.7691830396652222,0.19551163176151068,0.929246648976827,1,GraphSAGE 100ep (full graph)
69,0.6173770427703857,0.7590983510017395,0.19623248934906995,0.9294925173508454,1,GraphSAGE 100ep (full graph)
70,0.6148214340209961,0.7483885884284973,0.195340467769041,0.9295795882642844,1,GraphSAGE 100ep (full graph)
71,0.6127846837043762,0.7505452036857605,0.19508131752754856,0.9300832037507176,1,GraphSAGE 100ep (full graph)
72,0.6081622838973999,0.7650143504142761,0.1972805790443332,0.9303810326423907,1,GraphSAGE 100ep (full graph)
73,0.6141077280044556,0.7509410381317139,0.1996803018276535,0.9305955669599941,1,GraphSAGE 100ep (full graph)
74,0.5929412841796875,0.7467067837715149,0.20376195315354376,0.9310057538983534,1,GraphSAGE 100ep (full graph)
75,0.5968032479286194,0.7486246824264526,0.2088019177339044,0.9317285643743968,1,GraphSAGE 100ep (full graph)
76,0.610689640045166,0.751859724521637,0.2106001996042298,0.9326096942933775,1,GraphSAGE 100ep (full graph)
77,0.5835555195808411,0.744907021522522,0.21160413091658886,0.9336055484463709,1,GraphSAGE 100ep (full graph)
78,0.5955743789672852,0.7309566140174866,0.21388395438374933,0.9341391117380577,1,GraphSAGE 100ep (full graph)
79,0.5918183922767639,0.7294816374778748,0.2122950206756911,0.9351433790015453,1,GraphSAGE 100ep (full graph)
80,0.5845886468887329,0.7319185137748718,0.2136715666349441,0.9359132264135339,1,GraphSAGE 100ep (full graph)
81,0.5849266648292542,0.7296941876411438,0.21657389504762256,0.9362308691364564,1,GraphSAGE 100ep (full graph)
82,0.5695416331291199,0.7231852412223816,0.21541058040714564,0.9358811992315388,1,GraphSAGE 100ep (full graph)
83,0.5829169750213623,0.7225728631019592,0.21611066186355812,0.9355298323639933,1,GraphSAGE 100ep (full graph)
84,0.5593163371086121,0.7296631336212158,0.2177100458073285,0.9355713720970585,1,GraphSAGE 100ep (full graph)
85,0.5676797032356262,0.7418915629386902,0.21765128818552545,0.9355976869682353,1,GraphSAGE 100ep (full graph)
86,0.5769904255867004,0.7231573462486267,0.2171128301729754,0.9358629867593893,1,GraphSAGE 100ep (full graph)
87,0.587493360042572,0.7220740914344788,0.2204372307783957,0.936227953228842,1,GraphSAGE 100ep (full graph)
88,0.5789510607719421,0.7279356122016907,0.22361919444199324,0.936925667778695,1,GraphSAGE 100ep (full graph)
89,0.5671605467796326,0.7575886845588684,0.22691992743724582,0.9371670905886453,1,GraphSAGE 100ep (full graph)
90,0.5684530735015869,0.724811315536499,0.23051554137627894,0.9373577479250449,1,GraphSAGE 100ep (full graph)
91,0.5849359631538391,0.7182713150978088,0.23091228339636033,0.9372337979505472,1,GraphSAGE 100ep (full graph)
92,0.5807986855506897,0.7120195627212524,0.2331485957345446,0.9376614803345931,1,GraphSAGE 100ep (full graph)
93,0.5672106146812439,0.7395949959754944,0.2326333621634902,0.9378821332780107,1,GraphSAGE 100ep (full graph)
94,0.5720451474189758,0.7407550811767578,0.23494243277032897,0.9379045045036432,1,GraphSAGE 100ep (full graph)
95,0.5536026358604431,0.7098174691200256,0.236775893737752,0.9379508961157721,1,GraphSAGE 100ep (full graph)
96,0.5496689081192017,0.706773042678833,0.23738009842107405,0.9379190601408336,1,GraphSAGE 100ep (full graph)
97,0.5679581761360168,0.7069464921951294,0.23725730370567383,0.9382588589814496,1,GraphSAGE 100ep (full graph)
98,0.5625459551811218,0.7318438291549683,0.23623620956186284,0.9385776967484761,1,GraphSAGE 100ep (full graph)
99,0.5652615427970886,0.7193319201469421,0.2381951382558823,0.9390187636264904,1,GraphSAGE 100ep (full graph)
100,0.5474713444709778,0.7005866169929504,0.24028703032315285,0.9395712325159071,1,GraphSAGE 100ep (full graph)
1,1.4234179258346558,1.4271262884140015,0.009083477232900131,0.6218599140619885,1,GraphSAGE 100ep (no graph)
2,1.3741004467010498,1.3869597911834717,0.021015592410964224,0.7214309888320738,1,GraphSAGE 100ep (no graph)
3,1.3360399007797241,1.3428759574890137,0.02112647260040769,0.7465509354088222,1,GraphSAGE 100ep (no graph)
4,1.2963372468948364,1.2933188676834106,0.021761102675669247,0.7633937914112658,1,GraphSAGE 100ep (no graph)
5,1.2516672611236572,1.2421493530273438,0.0230395046238457,0.7772683012639265,1,GraphSAGE 100ep (no graph)
6,1.2040612697601318,1.1927179098129272,0.023018492454729478,0.7882965506724992,1,GraphSAGE 100ep (no graph)
7,1.1587505340576172,1.1496986150741577,0.024223305919991188,0.7972856246232624,1,GraphSAGE 100ep (no graph)
8,1.1160393953323364,1.1151280403137207,0.024096483835700514,0.8063910719689021,1,GraphSAGE 100ep (no graph)
9,1.0859692096710205,1.0844388008117676,0.02455239835697412,0.8140287183438792,1,GraphSAGE 100ep (no graph)
10,1.0562256574630737,1.0618436336517334,0.024235222589807832,0.8187117137745085,1,GraphSAGE 100ep (no graph)
11,1.0303646326065063,1.0475800037384033,0.024087110387999516,0.8206408734720764,1,GraphSAGE 100ep (no graph)
12,1.0153260231018066,1.0388001203536987,0.02345797104136151,0.822323352165635,1,GraphSAGE 100ep (no graph)
13,1.0019359588623047,1.0284790992736816,0.020694616181699058,0.8248866500667074,1,GraphSAGE 100ep (no graph)
14,0.9895860552787781,1.0164339542388916,0.020411096393656306,0.8297031319237868,1,GraphSAGE 100ep (no graph)
15,0.9627334475517273,1.0066242218017578,0.021454194102608595,0.8353418758272693,1,GraphSAGE 100ep (no graph)
16,0.9393408894538879,1.0001808404922485,0.02176379020584605,0.8410965151079866,1,GraphSAGE 100ep (no graph)
17,0.9373131990432739,0.9917277097702026,0.021864310321112312,0.8462565243432874,1,GraphSAGE 100ep (no graph)
18,0.9212431311607361,0.9814193248748779,0.022264061395166127,0.8502324121774038,1,GraphSAGE 100ep (no graph)
19,0.9080026745796204,0.9729347229003906,0.02316433025057269,0.8537338197003499,1,GraphSAGE 100ep (no graph)
20,0.8988001942634583,0.9662559628486633,0.02425958660536131,0.8562138947299989,1,GraphSAGE 100ep (no graph)
21,0.8816238641738892,0.9605351090431213,0.02484017788428801,0.8582450394914274,1,GraphSAGE 100ep (no graph)
22,0.8679994344711304,0.9552159309387207,0.025481512911688778,0.8596138908102542,1,GraphSAGE 100ep (no graph)
23,0.8641160130500793,0.9509152770042419,0.02584364757011803,0.8608887160589548,1,GraphSAGE 100ep (no graph)
24,0.8579222559928894,0.9486549496650696,0.026389847847665487,0.8621176277131684,1,GraphSAGE 100ep (no graph)
25,0.8509435057640076,0.9467566013336182,0.027119484590517384,0.8630776544439149,1,GraphSAGE 100ep (no graph)
26,0.8460071682929993,0.9426510334014893,0.027870948034831318,0.8639539324838321,1,GraphSAGE 100ep (no graph)
27,0.8380951881408691,0.9379266500473022,0.02861363867668393,0.8652529215243218,1,GraphSAGE 100ep (no graph)
28,0.8287869095802307,0.9324337244033813,0.02940577147667252,0.866458386413209,1,GraphSAGE 100ep (no graph)
29,0.8214553594589233,0.9289501905441284,0.030064279771030294,0.8681237042734299,1,GraphSAGE 100ep (no graph)
30,0.8127425312995911,0.9278266429901123,0.03087601970002944,0.8701208141787681,1,GraphSAGE 100ep (no graph)
31,0.8030962944030762,0.9258300065994263,0.031612415049147594,0.8722520080326084,1,GraphSAGE 100ep (no graph)
32,0.8092586994171143,0.9226548075675964,0.03302910970618988,0.8750322064386108,1,GraphSAGE 100ep (no graph)
33,0.7972920536994934,0.9228666424751282,0.0342101275912968,0.8769529769265664,1,GraphSAGE 100ep (no graph)
34,0.7891939282417297,0.9248679280281067,0.03490130560366687,0.8775982051393588,1,GraphSAGE 100ep (no graph)
35,0.7936244606971741,0.9247596263885498,0.03540302272842937,0.8781961335065032,1,GraphSAGE 100ep (no graph)
36,0.7838683724403381,0.9220345616340637,0.03623164683979386,0.8797421620642332,1,GraphSAGE 100ep (no graph)
37,0.7725527286529541,0.9192196130752563,0.03664755758062798,0.8814849187824125,1,GraphSAGE 100ep (no graph)
38,0.7753670811653137,0.9164940714836121,0.036867868038452205,0.8833467735960263,1,GraphSAGE 100ep (no graph)
39,0.7733917832374573,0.9131304025650024,0.03734172431149248,0.8846651462518875,1,GraphSAGE 100ep (no graph)
40,0.7717147469520569,0.910001277923584,0.038233178421157844,0.8859438673443683,1,GraphSAGE 100ep (no graph)
41,0.7626232504844666,0.9081804156303406,0.039000323821014815,0.8868896252485095,1,GraphSAGE 100ep (no graph)
42,0.7649391293525696,0.9078637361526489,0.03941367489351439,0.8874915928647262,1,GraphSAGE 100ep (no graph)
43,0.7697010636329651,0.907525897026062,0.03996045418251599,0.887872190511063,1,GraphSAGE 100ep (no graph)
44,0.750607430934906,0.9079811573028564,0.04013206998066767,0.8882586677743929,1,GraphSAGE 100ep (no graph)
45,0.748432457447052,0.908397376537323,0.04017054088745668,0.8886162727721628,1,GraphSAGE 100ep (no graph)
46,0.7530955672264099,0.90816730260849,0.04019100261531181,0.8887724411357125,1,GraphSAGE 100ep (no graph)
47,0.739518940448761,0.9083415865898132,0.04002427629722904,0.8888927820770152,1,GraphSAGE 100ep (no graph)
48,0.7413039803504944,0.9088095426559448,0.040220848907394705,0.8890332714619166,1,GraphSAGE 100ep (no graph)
49,0.7377346158027649,0.909939169883728,0.04029066177160694,0.8892107594122869,1,GraphSAGE 100ep (no graph)
50,0.7417697906494141,0.910280168056488,0.04047931388238583,0.8893771095516051,1,GraphSAGE 100ep (no graph)
51,0.7399726510047913,0.90999835729599,0.04077528399118159,0.8895032584072547,1,GraphSAGE 100ep (no graph)
52,0.7291140556335449,0.9093882441520691,0.04105501886733837,0.8895374127677556,1,GraphSAGE 100ep (no graph)
53,0.7315109968185425,0.9079926609992981,0.040895301342659694,0.8898256335048301,1,GraphSAGE 100ep (no graph)
54,0.7291852831840515,0.9075261950492859,0.04044638637967057,0.8898644963391019,1,GraphSAGE 100ep (no graph)
55,0.7255322933197021,0.9078196287155151,0.040370228858569765,0.8900239869252613,1,GraphSAGE 100ep (no graph)
56,0.736281156539917,0.9043485522270203,0.04060201694979371,0.8900845756613495,1,GraphSAGE 100ep (no graph)
57,0.7235681414604187,0.9031361937522888,0.04088485729724002,0.8902397162869693,1,GraphSAGE 100ep (no graph)
58,0.7305879592895508,0.902945339679718,0.04090136498063396,0.8904642650741668,1,GraphSAGE 100ep (no graph)
59,0.7250329256057739,0.9025724530220032,0.04096893944022918,0.8906982069080241,1,GraphSAGE 100ep (no graph)
60,0.7214848399162292,0.8997639417648315,0.040871589446745044,0.8906899850045866,1,GraphSAGE 100ep (no graph)
61,0.7228490114212036,0.8960684537887573,0.04055400842543616,0.8906789188961808,1,GraphSAGE 100ep (no graph)
62,0.7210060358047485,0.8930363059043884,0.040212715021344866,0.890275256898631,1,GraphSAGE 100ep (no graph)
63,0.7197805047035217,0.8906688690185547,0.04085350679407215,0.8902413654478332,1,GraphSAGE 100ep (no graph)
64,0.7148227691650391,0.8890037536621094,0.04117117974358929,0.890243253617518,1,GraphSAGE 100ep (no graph)
65,0.71519935131073,0.8864060640335083,0.041261206198567074,0.8903085508273769,1,GraphSAGE 100ep (no graph)
66,0.7122784852981567,0.8838401436805725,0.04140530379442975,0.890120618191535,1,GraphSAGE 100ep (no graph)
67,0.7160385251045227,0.8821821212768555,0.04180528576321147,0.890089499243059,1,GraphSAGE 100ep (no graph)
68,0.7155976891517639,0.8810367584228516,0.04181784253074082,0.8900923195471453,1,GraphSAGE 100ep (no graph)
69,0.715600311756134,0.8794487714767456,0.04146617229938642,0.8901667468939609,1,GraphSAGE 100ep (no graph)
70,0.7119458317756653,0.8786568641662598,0.040851695698660095,0.8903487521110454,1,GraphSAGE 100ep (no graph)
71,0.7118067145347595,0.876621425151825,0.0408853390255579,0.890548563485284,1,GraphSAGE 100ep (no graph)
72,0.7081497311592102,0.8726902008056641,0.04126240787069525,0.8907835091561889,1,GraphSAGE 100ep (no graph)
73,0.7077300548553467,0.8711785078048706,0.04196497493393583,0.8910097310051324,1,GraphSAGE 100ep (no graph)
74,0.7150574326515198,0.8696568608283997,0.04253469505933129,0.8911266063185328,1,GraphSAGE 100ep (no graph)
75,0.7157123684883118,0.868183970451355,0.0426660395426911,0.8911963012906954,1,GraphSAGE 100ep (no graph)
76,0.7056490182876587,0.865454375743866,0.042657411875899776,0.8914606689474482,1,GraphSAGE 100ep (no graph)
77,0.712291955947876,0.8621113896369934,0.04237734790385542,0.8915628452183657,1,GraphSAGE 100ep (no graph)
78,0.7062289714813232,0.8600766062736511,0.04193229237028116,0.8917401180607971,1,GraphSAGE 100ep (no graph)
79,0.7051335573196411,0.8585197925567627,0.04169049335830052,0.8921394300978072,1,GraphSAGE 100ep (no graph)
80,0.7048341631889343,0.857050359249115,0.042037079110571675,0.8926845136146594,1,GraphSAGE 100ep (no graph)
81,0.7022331357002258,0.8539814949035645,0.04265461688603715,0.8932110022452489,1,GraphSAGE 100ep (no graph)
82,0.7065327763557434,0.8512469530105591,0.042710225922709934,0.8932215903360129,1,GraphSAGE 100ep (no graph)
83,0.7080190777778625,0.8488756418228149,0.042733476098908284,0.8931734300586096,1,GraphSAGE 100ep (no graph)
84,0.7012197971343994,0.8479923009872437,0.04258555557578686,0.8935174593553549,1,GraphSAGE 100ep (no graph)
85,0.706017792224884,0.8471770286560059,0.042429651170989055,0.8941428976377802,1,GraphSAGE 100ep (no graph)
86,0.6981284022331238,0.8454787135124207,0.04236298638403264,0.8945877886569282,1,GraphSAGE 100ep (no graph)
87,0.7011823058128357,0.843480110168457,0.04292011843478525,0.8947964194566564,1,GraphSAGE 100ep (no graph)
88,0.6979700922966003,0.8423119783401489,0.043703720040103325,0.8946275119229552,1,GraphSAGE 100ep (no graph)
89,0.6974970698356628,0.841454803943634,0.04424045256234571,0.8947094441467457,1,GraphSAGE 100ep (no graph)
90,0.7016224265098572,0.8390235304832458,0.044523099542141197,0.8947653961117089,1,GraphSAGE 100ep (no graph)
91,0.6978318691253662,0.83556067943573,0.044569087140579874,0.8950094241178065,1,GraphSAGE 100ep (no graph)
92,0.7085950374603271,0.8308531641960144,0.04439507314535181,0.8951683888845602,1,GraphSAGE 100ep (no graph)
93,0.6988216638565063,0.8290833234786987,0.04432028546109255,0.8956949731186779,1,GraphSAGE 100ep (no graph)
94,0.6965797543525696,0.8311271071434021,0.04454842781847159,0.8965106385216252,1,GraphSAGE 100ep (no graph)
95,0.6982162594795227,0.8334028720855713,0.044708896984409954,0.8966250759450528,1,GraphSAGE 100ep (no graph)
96,0.6953757405281067,0.8318069577217102,0.04485727377223181,0.8962200276963421,1,GraphSAGE 100ep (no graph)
97,0.697738528251648,0.8315281867980957,0.04481936360394537,0.8956522144406261,1,GraphSAGE 100ep (no graph)
98,0.6934662461280823,0.8340182304382324,0.04454228618513972,0.8949390599209455,1,GraphSAGE 100ep (no graph)
99,0.6909780502319336,0.8360074758529663,0.04410412725279191,0.8948893699870888,1,GraphSAGE 100ep (no graph)
100,0.6995639204978943,0.8316636681556702,0.044280472779735305,0.8952803167153687,1,GraphSAGE 100ep (no graph)
1,1.3948136568069458,1.4248950481414795,0.01315541541757622,0.7287658110310218,2,GraphSAGE 100ep (full graph)
2,1.3631813526153564,1.3982661962509155,0.01958617817690495,0.807558080338513,2,GraphSAGE 100ep (full graph)
3,1.3401057720184326,1.3722460269927979,0.024496843411387144,0.8186725880305338,2,GraphSAGE 100ep (full graph)
4,1.3198152780532837,1.3410439491271973,0.025168617020770112,0.8196622040533028,2,GraphSAGE 100ep (full graph)
5,1.2929729223251343,1.3031905889511108,0.02497828604374526,0.8195498460066167,2,GraphSAGE 100ep (full graph)
6,1.247501254081726,1.2600361108779907,0.024436318363894878,0.8199527670768216,2,GraphSAGE 100ep (full graph)
7,1.2110216617584229,1.2129050493240356,0.023858490192619,0.8217557779187399,2,GraphSAGE 100ep (full graph)
8,1.171156644821167,1.1636983156204224,0.02309829020262439,0.8240460082419803,2,GraphSAGE 100ep (full graph)
9,1.1341252326965332,1.1146818399429321,0.02234615484401037,0.8267948725915679,2,GraphSAGE 100ep (full graph)
10,1.086565375328064,1.0731812715530396,0.021881352544636763,0.8295831972974795,2,GraphSAGE 100ep (full graph)
11,1.048421859741211,1.0431681871414185,0.02173557874700091,0.832003066005154,2,GraphSAGE 100ep (full graph)
12,1.012776255607605,1.02640962600708,0.02173157814762081,0.834280150843247,2,GraphSAGE 100ep (full graph)
13,0.9963772296905518,1.014338731765747,0.021798940265344152,0.8363798911362622,2,GraphSAGE 100ep (full graph)
14,0.9879888296127319,1.0057251453399658,0.0223663336503548,0.838351857313646,2,GraphSAGE 100ep (full graph)
15,0.9890429377555847,0.9989725351333618,0.023028058361144726,0.8410898228610025,2,GraphSAGE 100ep (full graph)
16,0.9789469242095947,0.9882717132568359,0.024295076127532088,0.8445208900879696,2,GraphSAGE 100ep (full graph)
17,0.9572369456291199,0.9715476036071777,0.028310018903290084,0.8484324845492748,2,GraphSAGE 100ep (full graph)
18,0.9370251893997192,0.9567987322807312,0.029916127579872488,0.8524273018820032,2,GraphSAGE 100ep (full graph)
19,0.9124671816825867,0.9470237493515015,0.0322766370342403,0.8562078478068311,2,GraphSAGE 100ep (full graph)
20,0.8916770815849304,0.9352623820304871,0.035431659718488016,0.8594902276463414,2,GraphSAGE 100ep (full graph)
21,0.8741320967674255,0.9253923892974854,0.03882580670406294,0.8625700236092914,2,GraphSAGE 100ep (full graph)
22,0.8673864603042603,0.9196714162826538,0.04230422474557806,0.8656427688120258,2,GraphSAGE 100ep (full graph)
23,0.8697311878204346,0.9170631170272827,0.04645355429708757,0.8684716294139552,2,GraphSAGE 100ep (full graph)
24,0.8694760203361511,0.9123841524124146,0.05061093633498828,0.8712937499671363,2,GraphSAGE 100ep (full graph)
25,0.8602283596992493,0.9027014970779419,0.054822362867574165,0.8738567371567415,2,GraphSAGE 100ep (full graph)
26,0.8428423404693604,0.8950583934783936,0.05912128132495504,0.8764795721550899,2,GraphSAGE 100ep (full graph)
27,0.8240600228309631,0.8906543850898743,0.06380818999769616,0.8789890691705868,2,GraphSAGE 100ep (full graph)
28,0.8404016494750977,0.8833152055740356,0.06818976311086367,0.881467542841136,2,GraphSAGE 100ep (full graph)
29,0.8058187961578369,0.8716561794281006,0.07237173898631709,0.8839222590348919,2,GraphSAGE 100ep (full graph)
30,0.8141160607337952,0.8564363718032837,0.07627120022129631,0.886302786890653,2,GraphSAGE 100ep (full graph)
31,0.7977738976478577,0.848335862159729,0.08014038356007477,0.8883199735369434,2,GraphSAGE 100ep (full graph)
32,0.7616565227508545,0.8488711714744568,0.0841580196310108,0.8900556555940253,2,GraphSAGE 100ep (full graph)
33,0.7724571228027344,0.8464201092720032,0.08974960816896628,0.891889952690594,2,GraphSAGE 100ep (full graph)
34,0.7724997401237488,0.830474853515625,0.09695541465672661,0.8938616320573927,2,GraphSAGE 100ep (full graph)
35,0.7458301186561584,0.827411949634552,0.10304901580540808,0.8955014954781921,2,GraphSAGE 100ep (full graph)
36,0.749622106552124,0.8229330778121948,0.11012345543713545,0.8971991034301112,2,GraphSAGE 100ep (full graph)
37,0.7563116550445557,0.8274712562561035,0.11457401448111826,0.8989746521585127,2,GraphSAGE 100ep (full graph)
38,0.7565612196922302,0.8201055526733398,0.1186712051563277,0.9006420971972391,2,GraphSAGE 100ep (full graph)
39,0.7213550806045532,0.8123170733451843,0.12320671891847373,0.9020419718610135,2,GraphSAGE 100ep (full graph)
40,0.723219096660614,0.8089970350265503,0.12519495166721725,0.9032482971816558,2,GraphSAGE 100ep (full graph)
41,0.7185593247413635,0.8094932436943054,0.12846831152388954,0.9046539080571306,2,GraphSAGE 100ep (full graph)
42,0.715364396572113,0.8134615421295166,0.13303579368668308,0.9059437191588993,2,GraphSAGE 100ep (full graph)
43,0.709162712097168,0.8095351457595825,0.1398297251866271,0.906998082671239,2,GraphSAGE 100ep (full graph)
44,0.7151901721954346,0.8029214143753052,0.14510018670992644,0.9078294031519527,2,GraphSAGE 100ep (full graph)
45,0.7038367390632629,0.8021240830421448,0.15085329293020056,0.908880563946093,2,GraphSAGE 100ep (full graph)
46,0.6982376575469971,0.8009403347969055,0.15653035365428664,0.909910190045474,2,GraphSAGE 100ep (full graph)
47,0.6839964389801025,0.8089754581451416,0.16284463394571172,0.9111356360717848,2,GraphSAGE 100ep (full graph)
48,0.6925830245018005,0.8107176423072815,0.16514120309676206,0.9124530765932448,2,GraphSAGE 100ep (full graph)
49,0.6864959597587585,0.7989991307258606,0.16837379380335474,0.9135280665668246,2,GraphSAGE 100ep (full graph)
50,0.6815996766090393,0.7940545082092285,0.16928122591530748,0.9142153603320885,2,GraphSAGE 100ep (full graph)
51,0.6539762020111084,0.7939331531524658,0.1696382766135532,0.9149826025479295,2,GraphSAGE 100ep (full graph)
52,0.6635785698890686,0.797406017780304,0.17075934629454187,0.9156079213259444,2,GraphSAGE 100ep (full graph)
53,0.6467732787132263,0.8075474500656128,0.17515934245795461,0.9161961220340797,2,GraphSAGE 100ep (full graph)
54,0.6736505627632141,0.7957383990287781,0.1813213105631723,0.9171477595552142,2,GraphSAGE 100ep (full graph)
55,0.6592249274253845,0.787249743938446,0.1852599761718846,0.9178836438137585,2,GraphSAGE 100ep (full graph)
56,0.6478924751281738,0.7850597500801086,0.19200556511507938,0.9185729930548816,2,GraphSAGE 100ep (full graph)
57,0.6510496735572815,0.7944002151489258,0.19288253010738116,0.9191218290102214,2,GraphSAGE 100ep (full graph)
58,0.6472012400627136,0.7975946664810181,0.19299339965849654,0.9196114863815162,2,GraphSAGE 100ep (full graph)
59,0.6295890808105469,0.7859446406364441,0.19426110948186923,0.9203022457746826,2,GraphSAGE 100ep (full graph)
60,0.6363767981529236,0.7758824229240417,0.1958265955831598,0.9211273998278181,2,GraphSAGE 100ep (full graph)
61,0.6495075821876526,0.7736230492591858,0.1950790786321761,0.9219638828990623,2,GraphSAGE 100ep (full graph)
62,0.6446297764778137,0.7812857627868652,0.19650511267314152,0.9228019673294061,2,GraphSAGE 100ep (full graph)
63,0.6289430260658264,0.8004491925239563,0.19602799674991403,0.9234909819581801,2,GraphSAGE 100ep (full graph)
64,0.6334977746009827,0.7784892320632935,0.1972396614440596,0.9243177612712975,2,GraphSAGE 100ep (full graph)
65,0.6268637180328369,0.7653505802154541,0.19660648260473562,0.9245071996627107,2,GraphSAGE 100ep (full graph)
66,0.619188666343689,0.764653742313385,0.19712016230753632,0.92470999864721,2,GraphSAGE 100ep (full graph)
67,0.6222383975982666,0.7687698006629944,0.19736926159289964,0.9251535751178434,2,GraphSAGE 100ep (full graph)
68,0.6250483989715576,0.7820529937744141,0.197407756835197,0.925213566331879,2,GraphSAGE 100ep (full graph)
69,0.6141887903213501,0.7749375700950623,0.19998468548717438,0.9251561086113445,2,GraphSAGE 100ep (full graph)
70,0.6315394043922424,0.7651110291481018,0.2008911691370025,0.9251939198068045,2,GraphSAGE 100ep (full graph)
71,0.6292877793312073,0.76524817943573,0.20122595484625422,0.924994705954618,2,GraphSAGE 100ep (full graph)
72,0.6083415150642395,0.7698309421539307,0.20022490539108637,0.9250353374541642,2,GraphSAGE 100ep (full graph)
73,0.5985927581787109,0.7791346907615662,0.19799249414070563,0.925652051914628,2,GraphSAGE 100ep (full graph)
74,0.5945077538490295,0.7706642150878906,0.1966832537665463,0.9269039801182902,2,GraphSAGE 100ep (full graph)
75,0.6049981117248535,0.7499955296516418,0.19427250356760278,0.928068765705867,2,GraphSAGE 100ep (full graph)
76,0.6025500297546387,0.7457617521286011,0.1936200940958877,0.9286248197275969,2,GraphSAGE 100ep (full graph)
77,0.6031615734100342,0.7473183274269104,0.19506267853675052,0.9291824990093084,2,GraphSAGE 100ep (full graph)
78,0.6058667302131653,0.7525641918182373,0.2020329290088616,0.9295319538062872,2,GraphSAGE 100ep (full graph)
79,0.5961856842041016,0.7476485371589661,0.2086092469421961,0.929612523679799,2,GraphSAGE 100ep (full graph)
80,0.5724481344223022,0.7456997036933899,0.211693567144727,0.9295161075214642,2,GraphSAGE 100ep (full graph)
81,0.5880605578422546,0.743891716003418,0.21275935676371352,0.9289375149679274,2,GraphSAGE 100ep (full graph)
82,0.584601104259491,0.7432384490966797,0.2108285430176483,0.9285910955829736,2,GraphSAGE 100ep (full graph)
83,0.6073718070983887,0.7423847913742065,0.20930291016949665,0.9286313446684064,2,GraphSAGE 100ep (full graph)
84,0.5786513090133667,0.7465798258781433,0.20767222893473405,0.9293670616207761,2,GraphSAGE 100ep (full graph)
85,0.5908488631248474,0.7485557198524475,0.20725430162403985,0.9303118634896339,2,GraphSAGE 100ep (full graph)
86,0.5909992456436157,0.7339333295822144,0.2081625744239307,0.931276789901208,2,GraphSAGE 100ep (full graph)
87,0.579203724861145,0.7261227965354919,0.20943619067130628,0.9322557700314487,2,GraphSAGE 100ep (full graph)
88,0.5725911259651184,0.7275305390357971,0.2136344937912164,0.9329324040033021,2,GraphSAGE 100ep (full graph)
89,0.5622893571853638,0.731791079044342,0.2188977034095337,0.9335341326106982,2,GraphSAGE 100ep (full graph)
90,0.5936475992202759,0.7190591096878052,0.22244434868900273,0.9342586400493696,2,GraphSAGE 100ep (full graph)
91,0.5679029226303101,0.7131684422492981,0.22554509932347286,0.9349206227805043,2,GraphSAGE 100ep (full graph)
92,0.5634950399398804,0.7109581232070923,0.2248957478685426,0.9352217499939053,2,GraphSAGE 100ep (full graph)
93,0.5763961672782898,0.7129567265510559,0.22233575216393026,0.935651846367042,2,GraphSAGE 100ep (full graph)
94,0.5612262487411499,0.7099376320838928,0.2184576888775386,0.9362150706533976,2,GraphSAGE 100ep (full graph)
95,0.5908762216567993,0.6976099610328674,0.2188185441694872,0.9368446915901879,2,GraphSAGE 100ep (full graph)
96,0.5542057156562805,0.6975333094596863,0.21880406737585703,0.9372880529528822,2,GraphSAGE 100ep (full graph)
97,0.5452430248260498,0.7088767886161804,0.2179905239018185,0.9372883875652315,2,GraphSAGE 100ep (full graph)
98,0.5724207162857056,0.6979556679725647,0.2242746966505997,0.937311906033204,2,GraphSAGE 100ep (full graph)
99,0.5559933185577393,0.6931650042533875,0.22926338592293144,0.9371240211991265,2,GraphSAGE 100ep (full graph)
100,0.5463611483573914,0.6959338784217834,0.23349976348637608,0.9371128833880743,2,GraphSAGE 100ep (full graph)
1,1.4280781745910645,1.4327163696289062,0.006307273128560517,0.617580126512149,2,GraphSAGE 100ep (no graph)
2,1.3703227043151855,1.3879802227020264,0.01106393123821477,0.7693620328751853,2,GraphSAGE 100ep (no graph)
3,1.334123969078064,1.3466029167175293,0.014800250908318819,0.8065671258663472,2,GraphSAGE 100ep (no graph)
4,1.2969709634780884,1.2988600730895996,0.0218008056102731,0.8181727249825882,2,GraphSAGE 100ep (no graph)
5,1.254508376121521,1.2434189319610596,0.024529128920451847,0.82098557199352,2,GraphSAGE 100ep (no graph)
6,1.202346682548523,1.1846022605895996,0.023664844744526504,0.8207242875505564,2,GraphSAGE 100ep (no graph)
7,1.1451387405395508,1.1294450759887695,0.02272585299496613,0.8207956316835829,2,GraphSAGE 100ep (no graph)
8,1.0931286811828613,1.08407723903656,0.0227527016631541,0.8219744231880621,2,GraphSAGE 100ep (no graph)
9,1.0583305358886719,1.0532819032669067,0.022149827749499154,0.824244194356237,2,GraphSAGE 100ep (no graph)
10,1.0298181772232056,1.0373799800872803,0.021383496027928953,0.8262962045877265,2,GraphSAGE 100ep (no graph)
11,1.0171846151351929,1.0276098251342773,0.02065433169842188,0.8285388243538515,2,GraphSAGE 100ep (no graph)
12,0.9970762133598328,1.016215205192566,0.02153208016316023,0.8319697959772904,2,GraphSAGE 100ep (no graph)
13,0.9817209243774414,1.0013787746429443,0.021926457546491886,0.8363540303818453,2,GraphSAGE 100ep (no graph)
14,0.9660671353340149,0.9893319606781006,0.02238738514267985,0.8403193062243155,2,GraphSAGE 100ep (no graph)
15,0.9395691752433777,0.9786633253097534,0.0234535333839042,0.8437119169320062,2,GraphSAGE 100ep (no graph)
16,0.9256418347358704,0.9690002799034119,0.024185151544424008,0.8465866672275407,2,GraphSAGE 100ep (no graph)
17,0.9050674438476562,0.958258867263794,0.024633773995183225,0.8489629407262904,2,GraphSAGE 100ep (no graph)
18,0.889607310295105,0.9479655623435974,0.02427394006555407,0.8512481996660569,2,GraphSAGE 100ep (no graph)
19,0.888907253742218,0.937685489654541,0.0244195518875014,0.8544039765331579,2,GraphSAGE 100ep (no graph)
20,0.8764623403549194,0.9288190007209778,0.025285349189915547,0.8576920447826049,2,GraphSAGE 100ep (no graph)
21,0.86194908618927,0.92123943567276,0.027334080227976676,0.8607342446580334,2,GraphSAGE 100ep (no graph)
22,0.8576108813285828,0.9161389470100403,0.02868781061122592,0.863190036391483,2,GraphSAGE 100ep (no graph)
23,0.8430593609809875,0.9132245779037476,0.029616561052250502,0.8649406804007509,2,GraphSAGE 100ep (no graph)
24,0.8427920341491699,0.9095934629440308,0.03042450194511309,0.8667845378501539,2,GraphSAGE 100ep (no graph)
25,0.8309296369552612,0.9052864909172058,0.03073188166499511,0.868762120734828,2,GraphSAGE 100ep (no graph)
26,0.8234676718711853,0.9020907282829285,0.03046840631201789,0.8702124979624498,2,GraphSAGE 100ep (no graph)
27,0.813916802406311,0.9001440405845642,0.03081380852984857,0.8716044375333716,2,GraphSAGE 100ep (no graph)
28,0.8072161674499512,0.898598849773407,0.03237330246644861,0.872854740477052,2,GraphSAGE 100ep (no graph)
29,0.8057724237442017,0.8968244791030884,0.03378083542623024,0.8739603713814662,2,GraphSAGE 100ep (no graph)
30,0.8047240972518921,0.8954699635505676,0.034771545247045545,0.8752390446721827,2,GraphSAGE 100ep (no graph)
31,0.7995412349700928,0.8954107165336609,0.035715250317275585,0.8766825145448818,2,GraphSAGE 100ep (no graph)
32,0.7834590077400208,0.8958021402359009,0.035925001035022615,0.8778064535249739,2,GraphSAGE 100ep (no graph)
33,0.7862493395805359,0.8946736454963684,0.03602987569082158,0.8790707623855566,2,GraphSAGE 100ep (no graph)
34,0.7874273657798767,0.8920156359672546,0.03630495087832761,0.8810034833145552,2,GraphSAGE 100ep (no graph)
35,0.7768714427947998,0.8910147547721863,0.03671052391584132,0.882617318674763,2,GraphSAGE 100ep (no graph)
36,0.7722331285476685,0.8914246559143066,0.036784102437236545,0.8835033243736894,2,GraphSAGE 100ep (no graph)
37,0.7695093154907227,0.8906245231628418,0.03666861993303002,0.8846094810975094,2,GraphSAGE 100ep (no graph)
38,0.763114869594574,0.8896688222885132,0.03674536575136762,0.8853733293880943,2,GraphSAGE 100ep (no graph)
39,0.7631963491439819,0.8889598250389099,0.03734423168357474,0.8860044799813382,2,GraphSAGE 100ep (no graph)
40,0.7532368302345276,0.8877841234207153,0.0382531968974215,0.8861780959888105,2,GraphSAGE 100ep (no graph)
41,0.7545011043548584,0.8846763968467712,0.038841535957953185,0.8868016222006689,2,GraphSAGE 100ep (no graph)
42,0.7485881447792053,0.8829227685928345,0.039612625073969294,0.8873748131548542,2,GraphSAGE 100ep (no graph)
43,0.7528772950172424,0.8820656538009644,0.04048670920445193,0.8877939629239956,2,GraphSAGE 100ep (no graph)
44,0.7417314648628235,0.8819923400878906,0.041015195829718076,0.8876228565091424,2,GraphSAGE 100ep (no graph)
45,0.7474047541618347,0.8818144202232361,0.04114456606295658,0.8876534257373302,2,GraphSAGE 100ep (no graph)
46,0.7365587949752808,0.8822006583213806,0.0412375400391807,0.8877899236749232,2,GraphSAGE 100ep (no graph)
47,0.7349158525466919,0.8826112747192383,0.041252367571640684,0.8879557001930714,2,GraphSAGE 100ep (no graph)
48,0.7292129397392273,0.8837152719497681,0.04130650167595453,0.8880717628764807,2,GraphSAGE 100ep (no graph)
49,0.7272788882255554,0.8852582573890686,0.041247506472546436,0.8882412679322342,2,GraphSAGE 100ep (no graph)
50,0.7310880422592163,0.8859768509864807,0.04132624428545798,0.888605756384045,2,GraphSAGE 100ep (no graph)
51,0.7291001677513123,0.888984739780426,0.04137793694584801,0.8890395573939052,2,GraphSAGE 100ep (no graph)
52,0.7353554368019104,0.8921476602554321,0.04143929517951396,0.8892941734907669,2,GraphSAGE 100ep (no graph)
53,0.7202561497688293,0.896216094493866,0.04214083606567914,0.8895678385906511,2,GraphSAGE 100ep (no graph)
54,0.7271171808242798,0.89854896068573,0.04262088899688672,0.8898122729117441,2,GraphSAGE 100ep (no graph)
55,0.7195064425468445,0.8986907005310059,0.04253820349321945,0.8901694476936366,2,GraphSAGE 100ep (no graph)
56,0.7188290357589722,0.8968035578727722,0.042523491136073496,0.890599759174712,2,GraphSAGE 100ep (no graph)
57,0.7193267345428467,0.8964755535125732,0.042711769123359285,0.8909003605687071,2,GraphSAGE 100ep (no graph)
58,0.7140445113182068,0.8950800895690918,0.043326150254672645,0.8914278769372262,2,GraphSAGE 100ep (no graph)
59,0.7166251540184021,0.8939253687858582,0.043735217034673306,0.8918896658800088,2,GraphSAGE 100ep (no graph)
60,0.7159743905067444,0.891821563243866,0.04382894850912341,0.8923568564221431,2,GraphSAGE 100ep (no graph)
61,0.7186223268508911,0.8893750309944153,0.04389394072871822,0.8928226368122343,2,GraphSAGE 100ep (no graph)
62,0.7154233455657959,0.8863586187362671,0.043959400141811995,0.8931309342902608,2,GraphSAGE 100ep (no graph)
63,0.7124648094177246,0.8826093673706055,0.04382324694632445,0.8935102890907292,2,GraphSAGE 100ep (no graph)
64,0.7102422118186951,0.8803754448890686,0.044552193433898976,0.8940933272083339,2,GraphSAGE 100ep (no graph)
65,0.714306116104126,0.8802748918533325,0.04517501341649996,0.8939977953826364,2,GraphSAGE 100ep (no graph)
66,0.7102631330490112,0.8812265992164612,0.04571383601187381,0.8940548706890576,2,GraphSAGE 100ep (no graph)
67,0.7088104486465454,0.8810828328132629,0.04600137091078618,0.8945458904106316,2,GraphSAGE 100ep (no graph)
68,0.7138649821281433,0.878905713558197,0.04568224976441533,0.8947574371179743,2,GraphSAGE 100ep (no graph)
69,0.7067238688468933,0.8780402541160583,0.04527142882348685,0.8948295699801097,2,GraphSAGE 100ep (no graph)
70,0.7102673649787903,0.8785213828086853,0.044384345249889885,0.8945960344612478,2,GraphSAGE 100ep (no graph)
71,0.7068468332290649,0.8798359036445618,0.0443058998531992,0.8943431392278963,2,GraphSAGE 100ep (no graph)
72,0.7119600176811218,0.8785739541053772,0.04519250453682642,0.8944433795273649,2,GraphSAGE 100ep (no graph)
73,0.7066046595573425,0.8789384365081787,0.04576666801088796,0.8945266741014344,2,GraphSAGE 100ep (no graph)
74,0.7027581334114075,0.8799275159835815,0.04607987803755362,0.8946529424614944,2,GraphSAGE 100ep (no graph)
75,0.7054674625396729,0.878540575504303,0.045936145081950104,0.894851080773987,2,GraphSAGE 100ep (no graph)
76,0.7120822072029114,0.8739376068115234,0.04560228611995321,0.8951701336489525,2,GraphSAGE 100ep (no graph)
77,0.7002255916595459,0.8724222779273987,0.04516382146031801,0.8951472844056781,2,GraphSAGE 100ep (no graph)
78,0.7071875929832458,0.8725501298904419,0.044829378306780826,0.8953465460596288,2,GraphSAGE 100ep (no graph)
79,0.7047752141952515,0.8719976544380188,0.04510223452134627,0.8953442037731845,2,GraphSAGE 100ep (no graph)
80,0.7052901983261108,0.8692784905433655,0.045575060802908546,0.8951031394764655,2,GraphSAGE 100ep (no graph)
81,0.6989761590957642,0.8688339591026306,0.045646547148708264,0.8948164005940804,2,GraphSAGE 100ep (no graph)
82,0.6974654197692871,0.8696296215057373,0.04553866830660015,0.894847734650495,2,GraphSAGE 100ep (no graph)
83,0.6974030137062073,0.8688247203826904,0.045615896275383996,0.8955125854874799,2,GraphSAGE 100ep (no graph)
84,0.7012609839439392,0.8669795989990234,0.04568532829775209,0.8957613936699949,2,GraphSAGE 100ep (no graph)
85,0.7011869549751282,0.8660876154899597,0.04536837041016005,0.8957234151683602,2,GraphSAGE 100ep (no graph)
86,0.6954048275947571,0.8667587041854858,0.04527320636454394,0.8957885928738086,2,GraphSAGE 100ep (no graph)
87,0.7006801962852478,0.8659374713897705,0.04550415924098499,0.8960063538104938,2,GraphSAGE 100ep (no graph)
88,0.6957555413246155,0.8634662628173828,0.04571445623795649,0.8957821157347634,2,GraphSAGE 100ep (no graph)
89,0.6917335391044617,0.8631786704063416,0.045871112100762945,0.8954843107439723,2,GraphSAGE 100ep (no graph)
90,0.6993301510810852,0.8633161187171936,0.04582295582775322,0.8956194224304042,2,GraphSAGE 100ep (no graph)
91,0.7042952179908752,0.863439679145813,0.045411435263831026,0.8959283174304832,2,GraphSAGE 100ep (no graph)
92,0.6966899037361145,0.8624373078346252,0.04502901251354881,0.8958413421205723,2,GraphSAGE 100ep (no graph)
93,0.6984319090843201,0.8597788214683533,0.04514861399704318,0.895754223405369,2,GraphSAGE 100ep (no graph)
94,0.6985428929328918,0.8573388457298279,0.04540357736168304,0.8957822591400557,2,GraphSAGE 100ep (no graph)
95,0.7012317180633545,0.8559256196022034,0.0456959902017033,0.8959162235841476,2,GraphSAGE 100ep (no graph)
96,0.6958277225494385,0.8549696803092957,0.04588613955426892,0.8960734913882732,2,GraphSAGE 100ep (no graph)
97,0.697158694267273,0.853428304195404,0.0461989886088492,0.8962884320208722,2,GraphSAGE 100ep (no graph)
98,0.6958129405975342,0.8536906242370605,0.04609380641674202,0.8962236845313013,2,GraphSAGE 100ep (no graph)
99,0.6951420903205872,0.8545051217079163,0.046007340504051,0.8961659400001817,2,GraphSAGE 100ep (no graph)
100,0.6962990164756775,0.8540806174278259,0.045834527041887736,0.8959332888139571,2,GraphSAGE 100ep (no graph)
1,1.376720905303955,1.4065078496932983,0.01375013209955549,0.7875834917563467,3,GraphSAGE 100ep (full graph)
2,1.34706449508667,1.376451849937439,0.017371600399896613,0.7956618225952248,3,GraphSAGE 100ep (full graph)
3,1.3205387592315674,1.3435958623886108,0.02214019311800896,0.7979725598752949,3,GraphSAGE 100ep (full graph)
4,1.2885825634002686,1.303215742111206,0.02364203027183416,0.8019969665000456,3,GraphSAGE 100ep (full graph)
5,1.244736671447754,1.2567989826202393,0.02218625006548499,0.8037715113913995,3,GraphSAGE 100ep (full graph)
6,1.2048351764678955,1.2055771350860596,0.02287901658866071,0.8057608535100597,3,GraphSAGE 100ep (full graph)
7,1.14995539188385,1.1544559001922607,0.024903249151332015,0.8090728943442388,3,GraphSAGE 100ep (full graph)
8,1.1112182140350342,1.1100199222564697,0.025341874243421075,0.8132946744532553,3,GraphSAGE 100ep (full graph)
9,1.0602006912231445,1.0779629945755005,0.0257463632579286,0.8171421189470419,3,GraphSAGE 100ep (full graph)
10,1.0188465118408203,1.0595290660858154,0.026256044046587178,0.8208869808549153,3,GraphSAGE 100ep (full graph)
11,1.0138683319091797,1.0488431453704834,0.027442947388955675,0.8240578391786126,3,GraphSAGE 100ep (full graph)
12,1.0021533966064453,1.0454630851745605,0.028437221672823514,0.8269481011466209,3,GraphSAGE 100ep (full graph)
13,1.0017225742340088,1.0382672548294067,0.03426767177121111,0.8296492832364472,3,GraphSAGE 100ep (full graph)
14,0.9927898049354553,1.0252026319503784,0.035265851534414104,0.8321754869685221,3,GraphSAGE 100ep (full graph)
15,0.9928753972053528,1.010406732559204,0.03321246271480309,0.8349513115131026,3,GraphSAGE 100ep (full graph)
16,0.9589385986328125,0.9962239265441895,0.03293442874394814,0.8386225109023874,3,GraphSAGE 100ep (full graph)
17,0.9440694451332092,0.9865896701812744,0.030508045155404336,0.8424021963954601,3,GraphSAGE 100ep (full graph)
18,0.9198316931724548,0.9705343842506409,0.029102810083228438,0.8461589131408483,3,GraphSAGE 100ep (full graph)
19,0.9117380976676941,0.9632537364959717,0.030221074501699054,0.8498899603388763,3,GraphSAGE 100ep (full graph)
20,0.9041077494621277,0.9598999619483948,0.03051917330521978,0.8533305879186777,3,GraphSAGE 100ep (full graph)
21,0.8829393982887268,0.9616694450378418,0.0321639008319937,0.8567707613817195,3,GraphSAGE 100ep (full graph)
22,0.905225932598114,0.9531975388526917,0.03323509686455522,0.859553182569756,3,GraphSAGE 100ep (full graph)
23,0.8844978213310242,0.9435261487960815,0.034561449923117014,0.8620476937321848,3,GraphSAGE 100ep (full graph)
24,0.8905237317085266,0.9351314902305603,0.03615309393716371,0.8648394123633525,3,GraphSAGE 100ep (full graph)
25,0.8694279193878174,0.9297906160354614,0.037838752671400085,0.8676372257194525,3,GraphSAGE 100ep (full graph)
26,0.8706313967704773,0.9226330518722534,0.040276094177823386,0.8698487743388658,3,GraphSAGE 100ep (full graph)
27,0.8574050664901733,0.9105523228645325,0.043878641508670296,0.8717609405092704,3,GraphSAGE 100ep (full graph)
28,0.8545473217964172,0.9018071293830872,0.04813318137251381,0.8733928449363353,3,GraphSAGE 100ep (full graph)
29,0.8370994329452515,0.8970219492912292,0.05314937127283492,0.8748978834812878,3,GraphSAGE 100ep (full graph)
30,0.8276633620262146,0.8934695720672607,0.05642160746385343,0.8763128157007761,3,GraphSAGE 100ep (full graph)
31,0.826519250869751,0.9010534286499023,0.06002955616809967,0.8778826256361818,3,GraphSAGE 100ep (full graph)
32,0.8251928687095642,0.8871241211891174,0.06439273979730299,0.8805505137972622,3,GraphSAGE 100ep (full graph)
33,0.8073846101760864,0.8779317140579224,0.06907818166563999,0.8831608964360438,3,GraphSAGE 100ep (full graph)
34,0.791874349117279,0.8740871548652649,0.07351089603164188,0.8854133394647064,3,GraphSAGE 100ep (full graph)
35,0.7762708067893982,0.8760669231414795,0.07781183395110396,0.8872876944396509,3,GraphSAGE 100ep (full graph)
36,0.7786643505096436,0.8787476420402527,0.08265785054632113,0.8888822656888976,3,GraphSAGE 100ep (full graph)
37,0.7893809080123901,0.8659605383872986,0.08672721605486396,0.8903837430024192,3,GraphSAGE 100ep (full graph)
38,0.7598409652709961,0.8600170016288757,0.09168839969013202,0.8919544850722261,3,GraphSAGE 100ep (full graph)
39,0.7534603476524353,0.8572314977645874,0.09744467441723306,0.893477138567276,3,GraphSAGE 100ep (full graph)
40,0.7400385141372681,0.8595160245895386,0.10203064743322929,0.894802681487763,3,GraphSAGE 100ep (full graph)
41,0.7385143637657166,0.8509331941604614,0.10532133347604358,0.8964635537839161,3,GraphSAGE 100ep (full graph)
42,0.7487024664878845,0.8409423828125,0.11070860243544912,0.8982049959535805,3,GraphSAGE 100ep (full graph)
43,0.7446194291114807,0.8349900841712952,0.1153022661140069,0.8997229887766237,3,GraphSAGE 100ep (full graph)
44,0.7276448607444763,0.8352693319320679,0.12132764142811442,0.9011207362618925,3,GraphSAGE 100ep (full graph)
45,0.7138051390647888,0.8417672514915466,0.1276616060275935,0.9024215417694207,3,GraphSAGE 100ep (full graph)
46,0.7263924479484558,0.8253054618835449,0.1317654380681925,0.9039831059005063,3,GraphSAGE 100ep (full graph)
47,0.7207475900650024,0.8193863034248352,0.13514773748070427,0.9051995890960352,3,GraphSAGE 100ep (full graph)
48,0.6991918683052063,0.8178557753562927,0.14179770330273397,0.9063111713200888,3,GraphSAGE 100ep (full graph)
49,0.6944038271903992,0.8261178731918335,0.14775804767195777,0.9073462468205852,3,GraphSAGE 100ep (full graph)
50,0.6919666528701782,0.8191899657249451,0.15016110355788026,0.9086495619207322,3,GraphSAGE 100ep (full graph)
51,0.6942448616027832,0.8088251352310181,0.14933576136363305,0.910235600555074,3,GraphSAGE 100ep (full graph)
52,0.6948516368865967,0.8055071830749512,0.1490598248756145,0.9116699402908164,3,GraphSAGE 100ep (full graph)
53,0.667698085308075,0.8109499216079712,0.14965012487858176,0.9128921357971638,3,GraphSAGE 100ep (full graph)
54,0.6668028235435486,0.8064314126968384,0.15111766135133245,0.9143679913650895,3,GraphSAGE 100ep (full graph)
55,0.6854817867279053,0.7930901646614075,0.15204481321643473,0.9158540765105476,3,GraphSAGE 100ep (full graph)
56,0.6753275990486145,0.7892773151397705,0.1535231541871037,0.9172641329500906,3,GraphSAGE 100ep (full graph)
57,0.665009081363678,0.7915919423103333,0.15540969773059948,0.91866761664706,3,GraphSAGE 100ep (full graph)
58,0.6677048802375793,0.78060382604599,0.15682503615930615,0.9199804442982773,3,GraphSAGE 100ep (full graph)
59,0.7019152045249939,0.7814911007881165,0.15757888659159505,0.9208170946756962,3,GraphSAGE 100ep (full graph)
60,0.666581928730011,0.7776540517807007,0.1606059910607663,0.921575923781043,3,GraphSAGE 100ep (full graph)
61,0.6517738103866577,0.8028890490531921,0.1640460652933523,0.9219958861801754,3,GraphSAGE 100ep (full graph)
62,0.6515095829963684,0.7882328629493713,0.16448456677935472,0.9223570285084941,3,GraphSAGE 100ep (full graph)
63,0.6495664119720459,0.7797924280166626,0.16326304636337496,0.9223662303480973,3,GraphSAGE 100ep (full graph)
64,0.6269431710243225,0.7803223133087158,0.16412733709097926,0.9230380363417693,3,GraphSAGE 100ep (full graph)
65,0.648192286491394,0.7889518737792969,0.16450962552057283,0.9237743508161913,3,GraphSAGE 100ep (full graph)
66,0.6398707032203674,0.7904217839241028,0.16772599769881047,0.9247108351780832,3,GraphSAGE 100ep (full graph)
67,0.6066738367080688,0.7786254286766052,0.17042351769526978,0.9257384297024865,3,GraphSAGE 100ep (full graph)
68,0.6314578056335449,0.7694258689880371,0.17013209859257225,0.9266001043034495,3,GraphSAGE 100ep (full graph)
69,0.6166240572929382,0.7708118557929993,0.17458502002606371,0.9276636457545103,3,GraphSAGE 100ep (full graph)
70,0.6205546855926514,0.7780542373657227,0.17878687638082563,0.9284681255446413,3,GraphSAGE 100ep (full graph)
71,0.6173462867736816,0.7663118243217468,0.1850115896828204,0.9288559890591321,3,GraphSAGE 100ep (full graph)
72,0.5936748385429382,0.7600190043449402,0.18888155839118326,0.9293157942287018,3,GraphSAGE 100ep (full graph)
73,0.6100162267684937,0.7663841247558594,0.19237153704841667,0.9298628615187672,3,GraphSAGE 100ep (full graph)
74,0.6102279424667358,0.7683084011077881,0.19410114936151057,0.9305250354569587,3,GraphSAGE 100ep (full graph)
75,0.5976310968399048,0.7605800628662109,0.19254769672117064,0.9308591936894022,3,GraphSAGE 100ep (full graph)
76,0.5881337523460388,0.7580235004425049,0.19210452633637326,0.9313162024557677,3,GraphSAGE 100ep (full graph)
77,0.6021244525909424,0.7720907926559448,0.1876111501411204,0.9317843968349495,3,GraphSAGE 100ep (full graph)
78,0.5906891226768494,0.7623991966247559,0.19017328567775765,0.9322885620416707,3,GraphSAGE 100ep (full graph)
79,0.5934116244316101,0.7576748132705688,0.19579023475119928,0.9326781464196718,3,GraphSAGE 100ep (full graph)
80,0.5958443284034729,0.7626953721046448,0.20142405219483359,0.932949325827819,3,GraphSAGE 100ep (full graph)
81,0.5828025341033936,0.7691497206687927,0.2045646844150358,0.933291658161936,3,GraphSAGE 100ep (full graph)
82,0.5785142183303833,0.7599610686302185,0.20485450917626605,0.9337017255958847,3,GraphSAGE 100ep (full graph)
83,0.5838696956634521,0.7561752796173096,0.203049607587334,0.9340592588910087,3,GraphSAGE 100ep (full graph)
84,0.5763656497001648,0.7598575949668884,0.1992330796253141,0.9345508761346346,3,GraphSAGE 100ep (full graph)
85,0.568952202796936,0.7890604138374329,0.1964805658373602,0.9350115895377235,3,GraphSAGE 100ep (full graph)
86,0.5984525680541992,0.7532344460487366,0.2008584660562436,0.9351215335953189,3,GraphSAGE 100ep (full graph)
87,0.5780047178268433,0.7546996474266052,0.20465445001931412,0.9354572931868625,3,GraphSAGE 100ep (full graph)
88,0.5844863057136536,0.7586870789527893,0.21040569759449493,0.9362140668163499,3,GraphSAGE 100ep (full graph)
89,0.5929316282272339,0.7710840702056885,0.21654019893371057,0.9365444009076598,3,GraphSAGE 100ep (full graph)
90,0.573843240737915,0.7480216026306152,0.2219294456681105,0.9365019290401931,3,GraphSAGE 100ep (full graph)
91,0.5897725224494934,0.7478703260421753,0.22391811290399474,0.9362039328423455,3,GraphSAGE 100ep (full graph)
92,0.5688492655754089,0.7558872699737549,0.22651821798888258,0.9354712035002365,3,GraphSAGE 100ep (full graph)
93,0.5666292309761047,0.7850311398506165,0.2251456943340886,0.9353445288251807,3,GraphSAGE 100ep (full graph)
94,0.5543568134307861,0.7521378993988037,0.22341724879185926,0.9367353211537626,3,GraphSAGE 100ep (full graph)
95,0.581836462020874,0.7401796579360962,0.22420002552009477,0.9379233383987269,3,GraphSAGE 100ep (full graph)
96,0.5691169500350952,0.7412510514259338,0.2267282699543123,0.9386408906807114,3,GraphSAGE 100ep (full graph)
97,0.5397397875785828,0.7656840085983276,0.228992936916016,0.9389696234129218,3,GraphSAGE 100ep (full graph)
98,0.5773947834968567,0.7353796362876892,0.23072963093699095,0.9393393939596735,3,GraphSAGE 100ep (full graph)
99,0.5642040967941284,0.7360209822654724,0.23172813849164525,0.9392120739608015,3,GraphSAGE 100ep (full graph)
100,0.5770593285560608,0.7318469882011414,0.23609120029918418,0.9392383649310961,3,GraphSAGE 100ep (full graph)
1,1.378391981124878,1.3922971487045288,0.009053450321955646,0.7333219883813032,3,GraphSAGE 100ep (no graph)
2,1.3361859321594238,1.346431851387024,0.009406574899349566,0.7465112121427953,3,GraphSAGE 100ep (no graph)
3,1.2949409484863281,1.2927145957946777,0.010078413888715458,0.7635188647272216,3,GraphSAGE 100ep (no graph)
4,1.2491761445999146,1.2301654815673828,0.011352032725778461,0.7803415244843026,3,GraphSAGE 100ep (no graph)
5,1.188623309135437,1.1693719625473022,0.014068135954362664,0.7916358624131382,3,GraphSAGE 100ep (no graph)
6,1.1421622037887573,1.12125825881958,0.017510278881933527,0.8002542097818661,3,GraphSAGE 100ep (no graph)
7,1.092583179473877,1.0917209386825562,0.02207007362159141,0.8071209093042788,3,GraphSAGE 100ep (no graph)
8,1.061436414718628,1.0753308534622192,0.021297951229554617,0.8126971524011065,3,GraphSAGE 100ep (no graph)
9,1.0389620065689087,1.0607517957687378,0.017808795185457246,0.8174004396806269,3,GraphSAGE 100ep (no graph)
10,1.0123910903930664,1.0456852912902832,0.015825889347020748,0.8210913333967503,3,GraphSAGE 100ep (no graph)
11,0.9979380965232849,1.0314860343933105,0.016112384701106784,0.8230338297865222,3,GraphSAGE 100ep (no graph)
12,0.9719592928886414,1.0206493139266968,0.018313040678896546,0.8238726312433287,3,GraphSAGE 100ep (no graph)
13,0.9541359543800354,1.0129121541976929,0.021098327043974758,0.8256910820550742,3,GraphSAGE 100ep (no graph)
14,0.9451584219932556,1.0048463344573975,0.02330085916861758,0.8292183742333195,3,GraphSAGE 100ep (no graph)
15,0.9280562996864319,0.9952149987220764,0.0246498633429964,0.8342181041533518,3,GraphSAGE 100ep (no graph)
16,0.9137340188026428,0.9858357906341553,0.0256948946619785,0.8399315861151171,3,GraphSAGE 100ep (no graph)
17,0.901487410068512,0.9770347476005554,0.02631538912516714,0.8453186776311167,3,GraphSAGE 100ep (no graph)
18,0.8917340040206909,0.9700480699539185,0.026841055046082907,0.8489496757367327,3,GraphSAGE 100ep (no graph)
19,0.878664493560791,0.9638389945030212,0.02735273949374492,0.8516631906817153,3,GraphSAGE 100ep (no graph)
20,0.8782237768173218,0.9570556282997131,0.02778990732241303,0.8542501743569348,3,GraphSAGE 100ep (no graph)
21,0.8645061254501343,0.9502303004264832,0.028184181077394222,0.8570247321547649,3,GraphSAGE 100ep (no graph)
22,0.8537387847900391,0.9447045922279358,0.02854320413816514,0.8592716540796654,3,GraphSAGE 100ep (no graph)
23,0.8491171598434448,0.9400179386138916,0.029072455792677306,0.8613110446454136,3,GraphSAGE 100ep (no graph)
24,0.8430055379867554,0.9361051321029663,0.029663188033713858,0.8629238761685739,3,GraphSAGE 100ep (no graph)
25,0.839399516582489,0.9337234497070312,0.029962502036204743,0.8642052263580839,3,GraphSAGE 100ep (no graph)
26,0.8278765678405762,0.9314080476760864,0.03043471207878636,0.8651432164755473,3,GraphSAGE 100ep (no graph)
27,0.8190053701400757,0.9300990104675293,0.030855873807276123,0.8660299392009362,3,GraphSAGE 100ep (no graph)
28,0.8158062100410461,0.9275310039520264,0.03131668822808706,0.8674584471214494,3,GraphSAGE 100ep (no graph)
29,0.7996183037757874,0.9252968430519104,0.031618252861807694,0.8692664054459593,3,GraphSAGE 100ep (no graph)
30,0.8050357103347778,0.92301344871521,0.03195567062048763,0.8715352444797327,3,GraphSAGE 100ep (no graph)
31,0.7993238568305969,0.9212830066680908,0.0326358361235622,0.8738242319571045,3,GraphSAGE 100ep (no graph)
32,0.7964317798614502,0.9198057651519775,0.0334793153126478,0.8762979015503546,3,GraphSAGE 100ep (no graph)
33,0.788297176361084,0.9189804792404175,0.034316747078232936,0.878595110931164,3,GraphSAGE 100ep (no graph)
34,0.7837691307067871,0.9193742871284485,0.034970770597875823,0.8802800753164596,3,GraphSAGE 100ep (no graph)
35,0.785334050655365,0.9193435311317444,0.03561803228902868,0.88130293746621,3,GraphSAGE 100ep (no graph)
36,0.7784265875816345,0.9180196523666382,0.0362165846646608,0.882355388907983,3,GraphSAGE 100ep (no graph)
37,0.7881916165351868,0.9158788919448853,0.03647318016841111,0.8830320706816006,3,GraphSAGE 100ep (no graph)
38,0.77274090051651,0.9152238368988037,0.03615767521010368,0.8834492366775288,3,GraphSAGE 100ep (no graph)
39,0.7689117193222046,0.9158020615577698,0.03559192693063497,0.8834970384417007,3,GraphSAGE 100ep (no graph)
40,0.767392098903656,0.9161640405654907,0.03500157008322477,0.8836805255134745,3,GraphSAGE 100ep (no graph)
41,0.7656254768371582,0.9136771559715271,0.03496605406868616,0.884350777949811,3,GraphSAGE 100ep (no graph)
42,0.7595110535621643,0.911221981048584,0.03529902043285411,0.8850641475774305,3,GraphSAGE 100ep (no graph)
43,0.7620704770088196,0.9093587398529053,0.03558012771196957,0.885453564649257,3,GraphSAGE 100ep (no graph)
44,0.7452617883682251,0.9087268710136414,0.03566957711800355,0.8859767549581186,3,GraphSAGE 100ep (no graph)
45,0.7493850588798523,0.9083915948867798,0.03590544850947818,0.8862683696204492,3,GraphSAGE 100ep (no graph)
46,0.7507112622261047,0.9032801389694214,0.03616313312924634,0.8865831442375213,3,GraphSAGE 100ep (no graph)
47,0.7461158633232117,0.8981664776802063,0.0365169294794448,0.8866855356163774,3,GraphSAGE 100ep (no graph)
48,0.7369033098220825,0.8947780132293701,0.03694623914161912,0.8873173315334375,3,GraphSAGE 100ep (no graph)
49,0.7395382523536682,0.8933023810386658,0.037528995799605794,0.8882847675376307,3,GraphSAGE 100ep (no graph)
50,0.7304463386535645,0.8943014144897461,0.03791072185115806,0.8889736865628762,3,GraphSAGE 100ep (no graph)
51,0.7237748503684998,0.8967746496200562,0.03789638028773103,0.8885537480646261,3,GraphSAGE 100ep (no graph)
52,0.7231563329696655,0.898481547832489,0.03810842491263368,0.8886990176259445,3,GraphSAGE 100ep (no graph)
53,0.7264786958694458,0.8984584808349609,0.03847214483007236,0.8890918764247913,3,GraphSAGE 100ep (no graph)
54,0.7230415344238281,0.8975598216056824,0.03902321903087496,0.8896592594646298,3,GraphSAGE 100ep (no graph)
55,0.724404513835907,0.8961519598960876,0.039458822856891784,0.8901849593661103,3,GraphSAGE 100ep (no graph)
56,0.7221882939338684,0.8952398300170898,0.03981692312605775,0.8903642637835193,3,GraphSAGE 100ep (no graph)
57,0.7154515385627747,0.8939839005470276,0.04023495272049441,0.8905605856289731,3,GraphSAGE 100ep (no graph)
58,0.7157121896743774,0.8927467465400696,0.04034470199593461,0.8900573525566534,3,GraphSAGE 100ep (no graph)
59,0.7160249948501587,0.8921948075294495,0.040237801988359655,0.8892155634895862,3,GraphSAGE 100ep (no graph)
60,0.7208857536315918,0.8910114169120789,0.04042247397209863,0.8888248557701269,3,GraphSAGE 100ep (no graph)
61,0.7169259786605835,0.8891538381576538,0.04075598331183457,0.8889695278093932,3,GraphSAGE 100ep (no graph)
62,0.7156066298484802,0.8867283463478088,0.04108560647615716,0.8898230283086827,3,GraphSAGE 100ep (no graph)
63,0.7183849215507507,0.8836065530776978,0.040949032913373054,0.8905356570089575,3,GraphSAGE 100ep (no graph)
64,0.7156442403793335,0.881007194519043,0.04100270266867196,0.890980691433398,3,GraphSAGE 100ep (no graph)
65,0.7118562459945679,0.8781658411026001,0.040966356095156226,0.8911268931291176,3,GraphSAGE 100ep (no graph)
66,0.7150214910507202,0.8750184774398804,0.04125808189010893,0.8912135577275615,3,GraphSAGE 100ep (no graph)
67,0.7114135026931763,0.8720768690109253,0.041693001510582736,0.8916276883114649,3,GraphSAGE 100ep (no graph)
68,0.710727870464325,0.8693265914916992,0.04158607525366359,0.8915489827067556,3,GraphSAGE 100ep (no graph)
69,0.7017000317573547,0.8678536415100098,0.041447103148675044,0.8913764661398593,3,GraphSAGE 100ep (no graph)
70,0.706392228603363,0.8642956018447876,0.0417529137591559,0.8918596941738731,3,GraphSAGE 100ep (no graph)
71,0.706987738609314,0.8585037589073181,0.042102505806104654,0.8925599183163454,3,GraphSAGE 100ep (no graph)
72,0.6994469165802002,0.8542523384094238,0.04201682679853684,0.8929385560903511,3,GraphSAGE 100ep (no graph)
73,0.7003777027130127,0.8518087863922119,0.041828411824210134,0.8930073667298766,3,GraphSAGE 100ep (no graph)
74,0.7030422687530518,0.8499221205711365,0.04233473166033644,0.8931334916846441,3,GraphSAGE 100ep (no graph)
75,0.7059805393218994,0.8480538725852966,0.04267109593301874,0.8931847351758364,3,GraphSAGE 100ep (no graph)
76,0.6996224522590637,0.8467668890953064,0.04309409070043157,0.8935094286589741,3,GraphSAGE 100ep (no graph)
77,0.6997578740119934,0.8436934351921082,0.04358046398881695,0.8937723622628018,3,GraphSAGE 100ep (no graph)
78,0.6971223950386047,0.8409146666526794,0.043908521542843984,0.8940614434316312,3,GraphSAGE 100ep (no graph)
79,0.6994932889938354,0.8395546674728394,0.04410082257211765,0.8943403906264565,3,GraphSAGE 100ep (no graph)
80,0.6967937350273132,0.8396115899085999,0.04456634078575407,0.8947385793220084,3,GraphSAGE 100ep (no graph)
81,0.7042120099067688,0.8395693898200989,0.045022666719451265,0.8948873862138756,3,GraphSAGE 100ep (no graph)
82,0.6945469379425049,0.8388153314590454,0.04530832566660133,0.8950895637754408,3,GraphSAGE 100ep (no graph)
83,0.6942841410636902,0.8381526470184326,0.04541764502124138,0.8952621281441013,3,GraphSAGE 100ep (no graph)
84,0.6931205987930298,0.837249755859375,0.04576187910259517,0.8954304620566327,3,GraphSAGE 100ep (no graph)
85,0.7018788456916809,0.8358302116394043,0.04574774595432639,0.8956753504944852,3,GraphSAGE 100ep (no graph)
86,0.6954243183135986,0.8343165516853333,0.04555547773344499,0.8960708383903615,3,GraphSAGE 100ep (no graph)
87,0.6937710046768188,0.8324555158615112,0.04504287555484106,0.8964036820742907,3,GraphSAGE 100ep (no graph)
88,0.695350170135498,0.830515444278717,0.04425615102391565,0.8961460066645219,3,GraphSAGE 100ep (no graph)
89,0.6872782111167908,0.830674409866333,0.0442828161802512,0.895974207124088,3,GraphSAGE 100ep (no graph)
90,0.6921104788780212,0.8303724527359009,0.04450558436828168,0.8956561102844063,3,GraphSAGE 100ep (no graph)
91,0.6887593269348145,0.8291743397712708,0.04467525792574437,0.8954555340819408,3,GraphSAGE 100ep (no graph)
92,0.6911816000938416,0.8287863731384277,0.044757077091301965,0.8954264706093243,3,GraphSAGE 100ep (no graph)
93,0.6913100481033325,0.8305583596229553,0.04456760037639583,0.8956609621634696,3,GraphSAGE 100ep (no graph)
94,0.6866282224655151,0.8316791653633118,0.04421837473589549,0.8960731567759239,3,GraphSAGE 100ep (no graph)
95,0.6901275515556335,0.8294737935066223,0.044196959677663926,0.8959736813046822,3,GraphSAGE 100ep (no graph)
96,0.6895745396614075,0.8257652521133423,0.04473287933169009,0.8960532712420284,3,GraphSAGE 100ep (no graph)
97,0.6946972012519836,0.8232700228691101,0.04526651477658181,0.8963835575315744,3,GraphSAGE 100ep (no graph)
98,0.6961360573768616,0.822192907333374,0.045179917420304916,0.8965976616333002,3,GraphSAGE 100ep (no graph)
99,0.6921714544296265,0.8227696418762207,0.04495285890195538,0.896681004009134,3,GraphSAGE 100ep (no graph)
100,0.6903506517410278,0.8247195482254028,0.04473787119695483,0.8964518423516938,3,GraphSAGE 100ep (no graph)
1,1.3792519569396973,1.411189317703247,0.019315917075086547,0.7730907616876508,4,GraphSAGE 100ep (full graph)
2,1.350435733795166,1.3875746726989746,0.01881124316019332,0.7909946495485363,4,GraphSAGE 100ep (full graph)
3,1.3337806463241577,1.3625985383987427,0.019065244401153317,0.7947117386314259,4,GraphSAGE 100ep (full graph)
4,1.313926100730896,1.332698941230774,0.019316091822113305,0.795342411207028,4,GraphSAGE 100ep (full graph)
5,1.2867826223373413,1.299247145652771,0.01979817972346324,0.7963181408173049,4,GraphSAGE 100ep (full graph)
6,1.2529480457305908,1.2635926008224487,0.02029236831180865,0.7988115764400401,4,GraphSAGE 100ep (full graph)
7,1.2106369733810425,1.2229455709457397,0.0229615978711257,0.803087611551392,4,GraphSAGE 100ep (full graph)
8,1.1781457662582397,1.1756919622421265,0.02294125237705998,0.8078345657424832,4,GraphSAGE 100ep (full graph)
9,1.1198192834854126,1.1314667463302612,0.022879036692475232,0.8121167433805312,4,GraphSAGE 100ep (full graph)
10,1.09669029712677,1.0958201885223389,0.022888983012650275,0.8161304663109896,4,GraphSAGE 100ep (full graph)
11,1.05880606174469,1.0703340768814087,0.022999880943980765,0.8200149571720095,4,GraphSAGE 100ep (full graph)
12,1.0425738096237183,1.0520366430282593,0.023125184046387064,0.8237819273958125,4,GraphSAGE 100ep (full graph)
13,1.0086256265640259,1.0385528802871704,0.023364408730411235,0.8273306108635246,4,GraphSAGE 100ep (full graph)
14,1.0061825513839722,1.0243314504623413,0.023589244482661906,0.8305899263518219,4,GraphSAGE 100ep (full graph)
15,1.0077857971191406,1.011773943901062,0.023970262504528578,0.8339573933315583,4,GraphSAGE 100ep (full graph)
16,0.9823871850967407,1.004798412322998,0.024407781433613263,0.8369523411631029,4,GraphSAGE 100ep (full graph)
17,0.9739513993263245,0.9927589893341064,0.025030475019698333,0.8395987663320702,4,GraphSAGE 100ep (full graph)
18,0.9577622413635254,0.9826825857162476,0.025832501461266467,0.8423314258836035,4,GraphSAGE 100ep (full graph)
19,0.9453941583633423,0.9767124056816101,0.026710102240616616,0.8452404500440494,4,GraphSAGE 100ep (full graph)
20,0.951309323310852,0.965167760848999,0.027943210020006378,0.8488993882808238,4,GraphSAGE 100ep (full graph)
21,0.9318036437034607,0.9548585414886475,0.02910646973050341,0.8530473624659591,4,GraphSAGE 100ep (full graph)
22,0.9003307819366455,0.9470458030700684,0.029072276895521346,0.8571762159454257,4,GraphSAGE 100ep (full graph)
23,0.8997883200645447,0.943275511264801,0.03084133397523822,0.8608815696952112,4,GraphSAGE 100ep (full graph)
24,0.8953453898429871,0.9283279180526733,0.03215516460439378,0.863966121933696,4,GraphSAGE 100ep (full graph)
25,0.8758179545402527,0.9177401065826416,0.03429598606806522,0.8669905156519706,4,GraphSAGE 100ep (full graph)
26,0.8864049315452576,0.9090979099273682,0.03697015433654662,0.8697502310020253,4,GraphSAGE 100ep (full graph)
27,0.8356934189796448,0.9121170043945312,0.04051631194088929,0.8723594185967027,4,GraphSAGE 100ep (full graph)
28,0.8422232270240784,0.8994120955467224,0.04466470250132605,0.8751332354671882,4,GraphSAGE 100ep (full graph)
29,0.8344085812568665,0.88044673204422,0.04976156296953976,0.8784370065961653,4,GraphSAGE 100ep (full graph)
30,0.8131353855133057,0.8704216480255127,0.05483820028033489,0.8819281128389325,4,GraphSAGE 100ep (full graph)
31,0.8126593232154846,0.8626992702484131,0.06001817719594669,0.8851684032250894,4,GraphSAGE 100ep (full graph)
32,0.7899484634399414,0.8645035624504089,0.0660203447306508,0.8877749856236195,4,GraphSAGE 100ep (full graph)
33,0.7963381409645081,0.8546633124351501,0.07201200802168493,0.8900068738936879,4,GraphSAGE 100ep (full graph)
34,0.7772873044013977,0.840323805809021,0.07955685513750263,0.8919545328739903,4,GraphSAGE 100ep (full graph)
35,0.7647319436073303,0.83574378490448,0.08588519877271455,0.893473529534081,4,GraphSAGE 100ep (full graph)
36,0.7609565258026123,0.835143506526947,0.09202957708618166,0.8945385767407131,4,GraphSAGE 100ep (full graph)
37,0.7430874109268188,0.837383508682251,0.10045165826273866,0.8956792941400294,4,GraphSAGE 100ep (full graph)
38,0.7350535988807678,0.8302119374275208,0.10574809095723095,0.8976090513596495,4,GraphSAGE 100ep (full graph)
39,0.7299067378044128,0.8252984881401062,0.11235920619251369,0.8996893363346468,4,GraphSAGE 100ep (full graph)
40,0.72425377368927,0.8168405890464783,0.12006270808311247,0.901984251230776,4,GraphSAGE 100ep (full graph)
41,0.7250984311103821,0.8114451766014099,0.12799101921382613,0.9041385333367113,4,GraphSAGE 100ep (full graph)
42,0.7142706513404846,0.8114173412322998,0.13469274706147186,0.9062291673936519,4,GraphSAGE 100ep (full graph)
43,0.7086129188537598,0.8049307465553284,0.14225255706248355,0.908102566333313,4,GraphSAGE 100ep (full graph)
44,0.692027747631073,0.7998079061508179,0.1509454105889538,0.909691951091147,4,GraphSAGE 100ep (full graph)
45,0.695109486579895,0.8000497817993164,0.15860457770358652,0.9110270543644683,4,GraphSAGE 100ep (full graph)
46,0.6916582584381104,0.801995038986206,0.1634158750231684,0.9122924148638629,4,GraphSAGE 100ep (full graph)
47,0.6899093389511108,0.7960753440856934,0.16882724142902916,0.9134368368999026,4,GraphSAGE 100ep (full graph)
48,0.6696885824203491,0.7956060171127319,0.169482051295462,0.9144251144732747,4,GraphSAGE 100ep (full graph)
49,0.6780638098716736,0.8019718527793884,0.17265604641772928,0.9154528285020886,4,GraphSAGE 100ep (full graph)
50,0.6708272099494934,0.7970302700996399,0.17795416212654794,0.9166527244854499,4,GraphSAGE 100ep (full graph)
51,0.6738467216491699,0.7883720993995667,0.1819605676756954,0.9178327349349156,4,GraphSAGE 100ep (full graph)
52,0.6648394465446472,0.7853004932403564,0.1852138848094496,0.9190837071032942,4,GraphSAGE 100ep (full graph)
53,0.6522511839866638,0.7929096221923828,0.18692876639938696,0.9205130276537985,4,GraphSAGE 100ep (full graph)
54,0.6525475382804871,0.7953323125839233,0.18861125646622826,0.9217648602539326,4,GraphSAGE 100ep (full graph)
55,0.6401739120483398,0.773931622505188,0.19035256021126093,0.923097764646102,4,GraphSAGE 100ep (full graph)
56,0.6328016519546509,0.7679725885391235,0.189799832257635,0.9240438571625924,4,GraphSAGE 100ep (full graph)
57,0.6320843696594238,0.7683914303779602,0.1919530792263545,0.9250145914885134,4,GraphSAGE 100ep (full graph)
58,0.6290421485900879,0.7911710739135742,0.1939385938555269,0.9255632362367965,4,GraphSAGE 100ep (full graph)
59,0.635272741317749,0.7656258940696716,0.19850425275764289,0.9268400213578282,4,GraphSAGE 100ep (full graph)
60,0.6147390604019165,0.7549846768379211,0.20112147454578075,0.9278490209959689,4,GraphSAGE 100ep (full graph)
61,0.6353736519813538,0.7519306540489197,0.2027588788318459,0.9286902842436303,4,GraphSAGE 100ep (full graph)
62,0.6199526190757751,0.7601715326309204,0.20358921735996915,0.9294106090279366,4,GraphSAGE 100ep (full graph)
63,0.628765344619751,0.762622058391571,0.2028597097851551,0.9299939578570087,4,GraphSAGE 100ep (full graph)
64,0.6183034181594849,0.7465835213661194,0.19976483143555224,0.9308303692256066,4,GraphSAGE 100ep (full graph)
65,0.6184017658233643,0.7415204644203186,0.19982190276722578,0.931352699102713,4,GraphSAGE 100ep (full graph)
66,0.6198503971099854,0.7399054169654846,0.20176858105317128,0.9317631011490111,4,GraphSAGE 100ep (full graph)
67,0.6220925450325012,0.7459572553634644,0.20346037746931084,0.9320001739984216,4,GraphSAGE 100ep (full graph)
68,0.5927574634552002,0.7443321347236633,0.20643444602967864,0.9325113182627118,4,GraphSAGE 100ep (full graph)
69,0.5821663737297058,0.7368812561035156,0.20847093518905607,0.9330912970674096,4,GraphSAGE 100ep (full graph)
70,0.5952247381210327,0.7331591248512268,0.2090538420283766,0.9332611367355125,4,GraphSAGE 100ep (full graph)
71,0.5945229530334473,0.7339019179344177,0.20957212563670372,0.9330628789186093,4,GraphSAGE 100ep (full graph)
72,0.5847705006599426,0.7400484085083008,0.20869731457703655,0.9331068326407655,4,GraphSAGE 100ep (full graph)
73,0.5882407426834106,0.7341257929801941,0.2091050976593737,0.9336442917762322,4,GraphSAGE 100ep (full graph)
74,0.5913717150688171,0.7252901792526245,0.2090115232517125,0.9344619170515107,4,GraphSAGE 100ep (full graph)
75,0.5848597884178162,0.7229613661766052,0.20926444314536005,0.9351289906705298,4,GraphSAGE 100ep (full graph)
76,0.5674706697463989,0.7332612872123718,0.2069870321557474,0.9354205814319783,4,GraphSAGE 100ep (full graph)
77,0.5533645749092102,0.74119633436203,0.2054748100007567,0.9359376053132615,4,GraphSAGE 100ep (full graph)
78,0.5952660441398621,0.7135732769966125,0.21023372487288486,0.9370821946554759,4,GraphSAGE 100ep (full graph)
79,0.5669997930526733,0.7110771536827087,0.21494763958317106,0.9377378675537399,4,GraphSAGE 100ep (full graph)
80,0.5877218842506409,0.7115576267242432,0.21936658235247522,0.9379746296916833,4,GraphSAGE 100ep (full graph)
81,0.5494098663330078,0.7321497797966003,0.22339596323303204,0.9381298420199495,4,GraphSAGE 100ep (full graph)
82,0.5803647041320801,0.7102901935577393,0.22803217798350717,0.9386915844516158,4,GraphSAGE 100ep (full graph)
83,0.5807679295539856,0.7008129358291626,0.23028036320529893,0.9390693856947485,4,GraphSAGE 100ep (full graph)
84,0.5575287342071533,0.6992738246917725,0.23050456571107003,0.9392217777189285,4,GraphSAGE 100ep (full graph)
85,0.5532767176628113,0.7156170606613159,0.22758996016265592,0.9392439577375042,4,GraphSAGE 100ep (full graph)
86,0.5504447221755981,0.7247222661972046,0.22649053191759672,0.9397300538773685,4,GraphSAGE 100ep (full graph)
87,0.5526140332221985,0.6983527541160583,0.22909317828680745,0.9402283394670964,4,GraphSAGE 100ep (full graph)
88,0.5575140714645386,0.6928629875183105,0.2295977278041227,0.9404237530790311,4,GraphSAGE 100ep (full graph)
89,0.5590353012084961,0.6930431723594666,0.22942544526947806,0.9405261205570052,4,GraphSAGE 100ep (full graph)
90,0.5437089800834656,0.7087690830230713,0.22609615899344873,0.9402322592117585,4,GraphSAGE 100ep (full graph)
91,0.5624632835388184,0.7101302146911621,0.22845799048265486,0.9400909332959843,4,GraphSAGE 100ep (full graph)
92,0.5686531066894531,0.6937454342842102,0.2407906779623085,0.9402409113310736,4,GraphSAGE 100ep (full graph)
93,0.5483687520027161,0.6901581883430481,0.2451767962924084,0.9402410547363661,4,GraphSAGE 100ep (full graph)
94,0.5415342450141907,0.6900423169136047,0.24984359126998565,0.9402325699232257,4,GraphSAGE 100ep (full graph)
95,0.5349956750869751,0.7002992033958435,0.2505500126812585,0.93992016149348,4,GraphSAGE 100ep (full graph)
96,0.5352847576141357,0.6983838081359863,0.2527417822665001,0.9401501357809111,4,GraphSAGE 100ep (full graph)
97,0.5199097990989685,0.6872256398200989,0.25792260193620237,0.9407727059574861,4,GraphSAGE 100ep (full graph)
98,0.5541643500328064,0.678753137588501,0.2656392703014531,0.9418263763442454,4,GraphSAGE 100ep (full graph)
99,0.5493582487106323,0.6766844391822815,0.2685661580253054,0.9427291126606319,4,GraphSAGE 100ep (full graph)
100,0.5458863973617554,0.6880298852920532,0.2694855819703551,0.9434314161798456,4,GraphSAGE 100ep (full graph)
1,1.3713812828063965,1.3705430030822754,0.02182853592558212,0.7800718747326089,4,GraphSAGE 100ep (no graph)
2,1.3141207695007324,1.3126338720321655,0.022625237576580103,0.7964045664069278,4,GraphSAGE 100ep (no graph)
3,1.2656168937683105,1.2557364702224731,0.021344464583042344,0.8008181510946843,4,GraphSAGE 100ep (no graph)
4,1.210895299911499,1.2003649473190308,0.019498814264892465,0.8022854501468232,4,GraphSAGE 100ep (no graph)
5,1.1672862768173218,1.1502459049224854,0.01604672147523303,0.803966064571579,4,GraphSAGE 100ep (no graph)
6,1.1198598146438599,1.1121950149536133,0.01625302122578517,0.8055876199167007,4,GraphSAGE 100ep (no graph)
7,1.0803673267364502,1.0880004167556763,0.019986419495285956,0.8082508713066563,4,GraphSAGE 100ep (no graph)
8,1.064692497253418,1.0715467929840088,0.01696845426030764,0.8116196050331435,4,GraphSAGE 100ep (no graph)
9,1.049168586730957,1.0585858821868896,0.016571602384119928,0.8149430226871952,4,GraphSAGE 100ep (no graph)
10,1.042749047279358,1.0440624952316284,0.017352174014982624,0.8176299837521803,4,GraphSAGE 100ep (no graph)
11,1.0075857639312744,1.031872034072876,0.018217223166694982,0.8205810734650973,4,GraphSAGE 100ep (no graph)
12,0.9917685985565186,1.0180063247680664,0.01904605185700623,0.8244729975004457,4,GraphSAGE 100ep (no graph)
13,0.9770001769065857,1.0042341947555542,0.019834555436550164,0.8291758545640885,4,GraphSAGE 100ep (no graph)
14,0.9622194766998291,0.9923591017723083,0.020787788640879136,0.833952876064844,4,GraphSAGE 100ep (no graph)
15,0.9457678198814392,0.982927143573761,0.02102295716575317,0.8387933305066556,4,GraphSAGE 100ep (no graph)
16,0.9384970664978027,0.9744563698768616,0.021424034464612562,0.8427613071488016,4,GraphSAGE 100ep (no graph)
17,0.9280539751052856,0.964435875415802,0.02220320450983474,0.8462757645533665,4,GraphSAGE 100ep (no graph)
18,0.9009746313095093,0.955187201499939,0.023180064524889066,0.8494455951391342,4,GraphSAGE 100ep (no graph)
19,0.8963180184364319,0.947204053401947,0.024196112472891492,0.8529457359153296,4,GraphSAGE 100ep (no graph)
20,0.8883137106895447,0.9396237730979919,0.025507199897687155,0.8561887988038086,4,GraphSAGE 100ep (no graph)
21,0.8784948587417603,0.9315140843391418,0.026414881507599384,0.8591666097028976,4,GraphSAGE 100ep (no graph)
22,0.8623336553573608,0.9218832850456238,0.02751154570499503,0.8624317570064242,4,GraphSAGE 100ep (no graph)
23,0.8573128581047058,0.9126056432723999,0.02819753782071203,0.8660766415245321,4,GraphSAGE 100ep (no graph)
24,0.8435882925987244,0.905488908290863,0.028467419070103202,0.8691591143862755,4,GraphSAGE 100ep (no graph)
25,0.8331261873245239,0.8990164399147034,0.02957508716206277,0.8716205945296617,4,GraphSAGE 100ep (no graph)
26,0.8291811347007751,0.8923627138137817,0.03162877607450514,0.8736913430527067,4,GraphSAGE 100ep (no graph)
27,0.8166601657867432,0.8882018327713013,0.03320621845539219,0.8753365124693293,4,GraphSAGE 100ep (no graph)
28,0.8088729381561279,0.8857274651527405,0.033978071132255185,0.8766188425950048,4,GraphSAGE 100ep (no graph)
29,0.7985396981239319,0.8847719430923462,0.03435883074642707,0.877617134637971,4,GraphSAGE 100ep (no graph)
30,0.7916399836540222,0.8827658295631409,0.03470416328798357,0.8786069657686786,4,GraphSAGE 100ep (no graph)
31,0.7773872017860413,0.8813356161117554,0.034986390939232455,0.8793026487435545,4,GraphSAGE 100ep (no graph)
32,0.7727587819099426,0.8793812394142151,0.035460689174420926,0.8807557506717343,4,GraphSAGE 100ep (no graph)
33,0.76602703332901,0.8784619569778442,0.03577442066649959,0.8823719761201506,4,GraphSAGE 100ep (no graph)
34,0.771307647228241,0.8762997984886169,0.036753313770183545,0.8834696958325944,4,GraphSAGE 100ep (no graph)
35,0.7653364539146423,0.8733431696891785,0.03744234727035243,0.8838561252941601,4,GraphSAGE 100ep (no graph)
36,0.7705071568489075,0.8711830377578735,0.037864021109000646,0.8841072040604729,4,GraphSAGE 100ep (no graph)
37,0.7513864636421204,0.8716437220573425,0.037786842961526415,0.8837550962655827,4,GraphSAGE 100ep (no graph)
38,0.7520394325256348,0.8734914064407349,0.0377914707056646,0.8838559818888676,4,GraphSAGE 100ep (no graph)
39,0.7514842748641968,0.8720534443855286,0.038320204362529815,0.8848390729708271,4,GraphSAGE 100ep (no graph)
40,0.7438244223594666,0.8718048334121704,0.039017892603410105,0.8858882977935184,4,GraphSAGE 100ep (no graph)
41,0.7470035552978516,0.8734510540962219,0.0392409657331963,0.8866907938104364,4,GraphSAGE 100ep (no graph)
42,0.7438740730285645,0.8748693466186523,0.03938147575508658,0.8872880290520002,4,GraphSAGE 100ep (no graph)
43,0.7403780817985535,0.8750478029251099,0.04001335283967503,0.888086581423374,4,GraphSAGE 100ep (no graph)
44,0.7422434687614441,0.8739337921142578,0.04068329413653641,0.8890046382051776,4,GraphSAGE 100ep (no graph)
45,0.7378162145614624,0.8751587867736816,0.04072761589538567,0.8895361699218871,4,GraphSAGE 100ep (no graph)
46,0.7325572967529297,0.8776549696922302,0.04021241382638535,0.8901599351425663,4,GraphSAGE 100ep (no graph)
47,0.7305751442909241,0.8785560131072998,0.040430227142043446,0.8909469672887749,4,GraphSAGE 100ep (no graph)
48,0.7238619327545166,0.8797780871391296,0.040920597804970295,0.8911853785875821,4,GraphSAGE 100ep (no graph)
49,0.734336256980896,0.8806037306785583,0.04190702699479622,0.8912071522911624,4,GraphSAGE 100ep (no graph)
50,0.7238932251930237,0.8816800117492676,0.04247009354194648,0.890878658567773,4,GraphSAGE 100ep (no graph)
51,0.7323706150054932,0.8824451565742493,0.042717893715303594,0.8911604260666843,4,GraphSAGE 100ep (no graph)
52,0.7343183755874634,0.882539689540863,0.04280733257099096,0.8911867887396252,4,GraphSAGE 100ep (no graph)
53,0.7286905646324158,0.8820056319236755,0.0426498499338176,0.8913612890797347,4,GraphSAGE 100ep (no graph)
54,0.7249294519424438,0.8820323348045349,0.04242497337047946,0.8913767290495624,4,GraphSAGE 100ep (no graph)
55,0.7313138842582703,0.8806630373001099,0.04260883397597472,0.8917316810494207,4,GraphSAGE 100ep (no graph)
56,0.7250235080718994,0.8796015381813049,0.04303204764727079,0.8921239901279796,4,GraphSAGE 100ep (no graph)
57,0.7208844423294067,0.88021320104599,0.04307629253137181,0.8922782942227265,4,GraphSAGE 100ep (no graph)
58,0.7204840183258057,0.8798680901527405,0.0430195866105493,0.8925635751513046,4,GraphSAGE 100ep (no graph)
59,0.7253771424293518,0.8763049840927124,0.043252601076647516,0.8927957244190053,4,GraphSAGE 100ep (no graph)
60,0.721805989742279,0.8737945556640625,0.04304904716022999,0.8928039941242071,4,GraphSAGE 100ep (no graph)
61,0.7237523794174194,0.8728687167167664,0.04284228123647264,0.8928207008407851,4,GraphSAGE 100ep (no graph)
62,0.7170203924179077,0.8733522891998291,0.042397940049040975,0.8925692157594768,4,GraphSAGE 100ep (no graph)
63,0.718662679195404,0.8724014163017273,0.04218198590031414,0.8920900747762998,4,GraphSAGE 100ep (no graph)
64,0.7172000408172607,0.8692582845687866,0.042176289817724366,0.8919760197669855,4,GraphSAGE 100ep (no graph)
65,0.7154772281646729,0.8674157857894897,0.04238506308562563,0.892185510998469,4,GraphSAGE 100ep (no graph)
66,0.7121919989585876,0.8677260875701904,0.0423381086291242,0.8922478683998312,4,GraphSAGE 100ep (no graph)
67,0.716488242149353,0.868123471736908,0.04235167793992423,0.8921640958081198,4,GraphSAGE 100ep (no graph)
68,0.7123849391937256,0.8667226433753967,0.042399262723182236,0.8919798439081192,4,GraphSAGE 100ep (no graph)
69,0.710054874420166,0.8662389516830444,0.04229757807608309,0.8918986526116733,4,GraphSAGE 100ep (no graph)
70,0.7143194675445557,0.8658084273338318,0.04257363544437678,0.892117680295109,4,GraphSAGE 100ep (no graph)
71,0.7118539810180664,0.8647276759147644,0.04301990005937077,0.8925065476466474,4,GraphSAGE 100ep (no graph)
72,0.7126226425170898,0.8620545268058777,0.043457089766240346,0.8930032079763935,4,GraphSAGE 100ep (no graph)
73,0.7142785787582397,0.8600578904151917,0.043890220008542966,0.8936004432179574,4,GraphSAGE 100ep (no graph)
74,0.7095603346824646,0.8584959506988525,0.04432646591510013,0.8944996422037951,4,GraphSAGE 100ep (no graph)
75,0.7115597128868103,0.8557710647583008,0.044580974689941315,0.8950411166874525,4,GraphSAGE 100ep (no graph)
76,0.7177274227142334,0.8529485464096069,0.04466287088480723,0.8953863410283018,4,GraphSAGE 100ep (no graph)
77,0.7095049619674683,0.8524013757705688,0.04471313980471252,0.895729223082707,4,GraphSAGE 100ep (no graph)
78,0.7088850140571594,0.8500670194625854,0.04482709111495661,0.8958205722540397,4,GraphSAGE 100ep (no graph)
79,0.7099213004112244,0.8473414778709412,0.045002054439270286,0.8960925164904137,4,GraphSAGE 100ep (no graph)
80,0.7104395031929016,0.8448242545127869,0.04534889018764789,0.8963334851836041,4,GraphSAGE 100ep (no graph)
81,0.7069272398948669,0.8444694876670837,0.04576488572141759,0.8967882233661715,4,GraphSAGE 100ep (no graph)
82,0.7070955634117126,0.8418149352073669,0.04586954000357331,0.8968281856410193,4,GraphSAGE 100ep (no graph)
83,0.7045990228652954,0.8390645384788513,0.04578625195607133,0.8968206568631621,4,GraphSAGE 100ep (no graph)
84,0.7026300430297852,0.8370916247367859,0.045805198490375496,0.897209356908526,4,GraphSAGE 100ep (no graph)
85,0.7074671983718872,0.8356937766075134,0.045861806546458585,0.8976343623937785,4,GraphSAGE 100ep (no graph)
86,0.7030156254768372,0.8352421522140503,0.04574887830681372,0.897739621878485,4,GraphSAGE 100ep (no graph)
87,0.7009369730949402,0.8345991969108582,0.04546992497595468,0.8975812068320193,4,GraphSAGE 100ep (no graph)
88,0.7040970325469971,0.8316449522972107,0.0451046066684264,0.8972915042402554,4,GraphSAGE 100ep (no graph)
89,0.702113687992096,0.8314705491065979,0.04490120305242911,0.8979799213469772,4,GraphSAGE 100ep (no graph)
90,0.7070325016975403,0.8282262682914734,0.04487308829618095,0.8981130014584318,4,GraphSAGE 100ep (no graph)
91,0.7042441964149475,0.8268025517463684,0.04516260312114326,0.8984733550576417,4,GraphSAGE 100ep (no graph)
92,0.7041333317756653,0.8254431486129761,0.04517121143976253,0.8978512628987085,4,GraphSAGE 100ep (no graph)
93,0.7055981159210205,0.8267407417297363,0.04498442034636358,0.8974888777245214,4,GraphSAGE 100ep (no graph)
94,0.7027077078819275,0.8256843090057373,0.04495829217041044,0.8968854999562613,4,GraphSAGE 100ep (no graph)
95,0.6945435404777527,0.8268097639083862,0.04491094353862741,0.8966294498064746,4,GraphSAGE 100ep (no graph)
96,0.6981227397918701,0.8278735280036926,0.04439203581023313,0.8963880269965244,4,GraphSAGE 100ep (no graph)
97,0.6987946629524231,0.8262972831726074,0.044360732186810525,0.8964398680097688,4,GraphSAGE 100ep (no graph)
98,0.7019506096839905,0.824738085269928,0.04479580548757181,0.8970465919015208,4,GraphSAGE 100ep (no graph)
99,0.694337010383606,0.8246756196022034,0.04496675336901815,0.897572793721525,4,GraphSAGE 100ep (no graph)
100,0.6936780214309692,0.8239136934280396,0.04520783686416515,0.8978196898334729,4,GraphSAGE 100ep (no graph)
